numvariable,num_constraints,problem_id,method,numlayer,circuit_depth,latency
3,1,0,Qubit-binary,1,80,35
3,1,0,Qubit-onehot,1,32,37
3,1,0,bosonicQAOA,1,15,58
3,1,0,HybridCVDV,1,59,1
3,1,1,Qubit-binary,1,91,12
3,1,1,Qubit-onehot,1,99,11
3,1,1,bosonicQAOA,1,66,32
3,1,1,HybridCVDV,1,58,21
3,1,2,Qubit-binary,1,7,48
3,1,2,Qubit-onehot,1,91,60
3,1,2,bosonicQAOA,1,80,97
3,1,2,HybridCVDV,1,21,44
3,1,3,Qubit-binary,1,87,77
3,1,3,Qubit-onehot,1,52,18
3,1,3,bosonicQAOA,1,6,47
3,1,3,HybridCVDV,1,4,81
3,1,4,Qubit-binary,1,61,48
3,1,4,Qubit-onehot,1,45,20
3,1,4,bosonicQAOA,1,58,61
3,1,4,HybridCVDV,1,10,13
3,1,5,Qubit-binary,1,55,58
3,1,5,Qubit-onehot,1,19,28
3,1,5,bosonicQAOA,1,7,87
3,1,5,HybridCVDV,1,24,79
3,1,6,Qubit-binary,1,86,68
3,1,6,Qubit-onehot,1,98,72
3,1,6,bosonicQAOA,1,13,87
3,1,6,HybridCVDV,1,17,31
3,1,7,Qubit-binary,1,74,47
3,1,7,Qubit-onehot,1,23,65
3,1,7,bosonicQAOA,1,75,62
3,1,7,HybridCVDV,1,39,64
3,1,8,Qubit-binary,1,64,86
3,1,8,Qubit-onehot,1,3,66
3,1,8,bosonicQAOA,1,7,85
3,1,8,HybridCVDV,1,10,67
3,1,9,Qubit-binary,1,89,46
3,1,9,Qubit-onehot,1,67,96
3,1,9,bosonicQAOA,1,77,76
3,1,9,HybridCVDV,1,1,91
3,1,0,Qubit-binary,2,78,44
3,1,0,Qubit-onehot,2,85,73
3,1,0,bosonicQAOA,2,46,93
3,1,0,HybridCVDV,2,79,18
3,1,1,Qubit-binary,2,90,85
3,1,1,Qubit-onehot,2,46,9
3,1,1,bosonicQAOA,2,75,5
3,1,1,HybridCVDV,2,96,26
3,1,2,Qubit-binary,2,92,40
3,1,2,Qubit-onehot,2,26,1
3,1,2,bosonicQAOA,2,42,73
3,1,2,HybridCVDV,2,18,35
3,1,3,Qubit-binary,2,5,14
3,1,3,Qubit-onehot,2,35,9
3,1,3,bosonicQAOA,2,69,2
3,1,3,HybridCVDV,2,46,68
3,1,4,Qubit-binary,2,39,49
3,1,4,Qubit-onehot,2,61,14
3,1,4,bosonicQAOA,2,4,7
3,1,4,HybridCVDV,2,23,10
3,1,5,Qubit-binary,2,96,90
3,1,5,Qubit-onehot,2,61,38
3,1,5,bosonicQAOA,2,58,97
3,1,5,HybridCVDV,2,15,90
3,1,6,Qubit-binary,2,54,25
3,1,6,Qubit-onehot,2,45,77
3,1,6,bosonicQAOA,2,86,98
3,1,6,HybridCVDV,2,6,59
3,1,7,Qubit-binary,2,74,18
3,1,7,Qubit-onehot,2,92,55
3,1,7,bosonicQAOA,2,26,77
3,1,7,HybridCVDV,2,35,92
3,1,8,Qubit-binary,2,13,99
3,1,8,Qubit-onehot,2,23,11
3,1,8,bosonicQAOA,2,58,49
3,1,8,HybridCVDV,2,91,9
3,1,9,Qubit-binary,2,38,66
3,1,9,Qubit-onehot,2,44,32
3,1,9,bosonicQAOA,2,87,24
3,1,9,HybridCVDV,2,98,6
3,1,0,Qubit-binary,3,36,79
3,1,0,Qubit-onehot,3,42,1
3,1,0,bosonicQAOA,3,3,77
3,1,0,HybridCVDV,3,78,43
3,1,1,Qubit-binary,3,62,62
3,1,1,Qubit-onehot,3,63,20
3,1,1,bosonicQAOA,3,41,64
3,1,1,HybridCVDV,3,27,57
3,1,2,Qubit-binary,3,13,55
3,1,2,Qubit-onehot,3,11,63
3,1,2,bosonicQAOA,3,96,86
3,1,2,HybridCVDV,3,59,17
3,1,3,Qubit-binary,3,7,49
3,1,3,Qubit-onehot,3,65,4
3,1,3,bosonicQAOA,3,48,35
3,1,3,HybridCVDV,3,51,15
3,1,4,Qubit-binary,3,90,4
3,1,4,Qubit-onehot,3,88,57
3,1,4,bosonicQAOA,3,87,87
3,1,4,HybridCVDV,3,11,86
3,1,5,Qubit-binary,3,93,23
3,1,5,Qubit-onehot,3,90,27
3,1,5,bosonicQAOA,3,6,74
3,1,5,HybridCVDV,3,84,16
3,1,6,Qubit-binary,3,81,64
3,1,6,Qubit-onehot,3,40,17
3,1,6,bosonicQAOA,3,81,54
3,1,6,HybridCVDV,3,50,80
3,1,7,Qubit-binary,3,41,94
3,1,7,Qubit-onehot,3,99,7
3,1,7,bosonicQAOA,3,41,35
3,1,7,HybridCVDV,3,78,82
3,1,8,Qubit-binary,3,77,83
3,1,8,Qubit-onehot,3,75,11
3,1,8,bosonicQAOA,3,84,48
3,1,8,HybridCVDV,3,60,5
3,1,9,Qubit-binary,3,46,7
3,1,9,Qubit-onehot,3,73,67
3,1,9,bosonicQAOA,3,90,79
3,1,9,HybridCVDV,3,59,58
3,1,0,Qubit-binary,4,46,28
3,1,0,Qubit-onehot,4,65,4
3,1,0,bosonicQAOA,4,63,13
3,1,0,HybridCVDV,4,98,58
3,1,1,Qubit-binary,4,1,77
3,1,1,Qubit-onehot,4,23,36
3,1,1,bosonicQAOA,4,76,64
3,1,1,HybridCVDV,4,6,85
3,1,2,Qubit-binary,4,49,15
3,1,2,Qubit-onehot,4,31,10
3,1,2,bosonicQAOA,4,62,60
3,1,2,HybridCVDV,4,34,22
3,1,3,Qubit-binary,4,26,74
3,1,3,Qubit-onehot,4,23,75
3,1,3,bosonicQAOA,4,86,26
3,1,3,HybridCVDV,4,42,28
3,1,4,Qubit-binary,4,99,65
3,1,4,Qubit-onehot,4,91,79
3,1,4,bosonicQAOA,4,43,2
3,1,4,HybridCVDV,4,76,99
3,1,5,Qubit-binary,4,11,82
3,1,5,Qubit-onehot,4,24,35
3,1,5,bosonicQAOA,4,19,50
3,1,5,HybridCVDV,4,69,54
3,1,6,Qubit-binary,4,63,77
3,1,6,Qubit-onehot,4,55,81
3,1,6,bosonicQAOA,4,58,44
3,1,6,HybridCVDV,4,27,95
3,1,7,Qubit-binary,4,39,2
3,1,7,Qubit-onehot,4,69,91
3,1,7,bosonicQAOA,4,33,25
3,1,7,HybridCVDV,4,3,40
3,1,8,Qubit-binary,4,89,18
3,1,8,Qubit-onehot,4,75,20
3,1,8,bosonicQAOA,4,95,53
3,1,8,HybridCVDV,4,19,17
3,1,9,Qubit-binary,4,92,84
3,1,9,Qubit-onehot,4,36,19
3,1,9,bosonicQAOA,4,76,82
3,1,9,HybridCVDV,4,98,54
3,1,0,Qubit-binary,5,36,2
3,1,0,Qubit-onehot,5,21,30
3,1,0,bosonicQAOA,5,70,39
3,1,0,HybridCVDV,5,41,24
3,1,1,Qubit-binary,5,85,4
3,1,1,Qubit-onehot,5,39,13
3,1,1,bosonicQAOA,5,2,78
3,1,1,HybridCVDV,5,59,50
3,1,2,Qubit-binary,5,60,80
3,1,2,Qubit-onehot,5,10,19
3,1,2,bosonicQAOA,5,7,50
3,1,2,HybridCVDV,5,60,56
3,1,3,Qubit-binary,5,83,52
3,1,3,Qubit-onehot,5,10,42
3,1,3,bosonicQAOA,5,77,90
3,1,3,HybridCVDV,5,3,85
3,1,4,Qubit-binary,5,63,99
3,1,4,Qubit-onehot,5,44,97
3,1,4,bosonicQAOA,5,89,19
3,1,4,HybridCVDV,5,54,67
3,1,5,Qubit-binary,5,59,64
3,1,5,Qubit-onehot,5,33,89
3,1,5,bosonicQAOA,5,9,95
3,1,5,HybridCVDV,5,29,67
3,1,6,Qubit-binary,5,23,51
3,1,6,Qubit-onehot,5,32,68
3,1,6,bosonicQAOA,5,74,36
3,1,6,HybridCVDV,5,81,4
3,1,7,Qubit-binary,5,58,12
3,1,7,Qubit-onehot,5,33,44
3,1,7,bosonicQAOA,5,29,44
3,1,7,HybridCVDV,5,99,37
3,1,8,Qubit-binary,5,78,57
3,1,8,Qubit-onehot,5,10,41
3,1,8,bosonicQAOA,5,23,63
3,1,8,HybridCVDV,5,86,75
3,1,9,Qubit-binary,5,73,92
3,1,9,Qubit-onehot,5,37,11
3,1,9,bosonicQAOA,5,13,58
3,1,9,HybridCVDV,5,83,86
3,1,0,Qubit-binary,6,27,56
3,1,0,Qubit-onehot,6,17,13
3,1,0,bosonicQAOA,6,59,98
3,1,0,HybridCVDV,6,66,31
3,1,1,Qubit-binary,6,19,25
3,1,1,Qubit-onehot,6,52,92
3,1,1,bosonicQAOA,6,77,40
3,1,1,HybridCVDV,6,19,87
3,1,2,Qubit-binary,6,35,32
3,1,2,Qubit-onehot,6,96,95
3,1,2,bosonicQAOA,6,34,84
3,1,2,HybridCVDV,6,52,84
3,1,3,Qubit-binary,6,19,11
3,1,3,Qubit-onehot,6,78,16
3,1,3,bosonicQAOA,6,92,39
3,1,3,HybridCVDV,6,29,94
3,1,4,Qubit-binary,6,94,34
3,1,4,Qubit-onehot,6,88,71
3,1,4,bosonicQAOA,6,89,96
3,1,4,HybridCVDV,6,52,88
3,1,5,Qubit-binary,6,70,81
3,1,5,Qubit-onehot,6,61,88
3,1,5,bosonicQAOA,6,93,74
3,1,5,HybridCVDV,6,4,66
3,1,6,Qubit-binary,6,55,29
3,1,6,Qubit-onehot,6,16,38
3,1,6,bosonicQAOA,6,64,20
3,1,6,HybridCVDV,6,82,2
3,1,7,Qubit-binary,6,83,27
3,1,7,Qubit-onehot,6,41,8
3,1,7,bosonicQAOA,6,77,35
3,1,7,HybridCVDV,6,46,58
3,1,8,Qubit-binary,6,54,20
3,1,8,Qubit-onehot,6,99,10
3,1,8,bosonicQAOA,6,12,81
3,1,8,HybridCVDV,6,1,76
3,1,9,Qubit-binary,6,24,45
3,1,9,Qubit-onehot,6,95,62
3,1,9,bosonicQAOA,6,48,3
3,1,9,HybridCVDV,6,77,14
3,1,0,Qubit-binary,7,79,58
3,1,0,Qubit-onehot,7,77,15
3,1,0,bosonicQAOA,7,55,65
3,1,0,HybridCVDV,7,75,23
3,1,1,Qubit-binary,7,7,12
3,1,1,Qubit-onehot,7,32,28
3,1,1,bosonicQAOA,7,77,77
3,1,1,HybridCVDV,7,47,67
3,1,2,Qubit-binary,7,96,70
3,1,2,Qubit-onehot,7,45,2
3,1,2,bosonicQAOA,7,76,83
3,1,2,HybridCVDV,7,2,49
3,1,3,Qubit-binary,7,83,25
3,1,3,Qubit-onehot,7,10,93
3,1,3,bosonicQAOA,7,5,5
3,1,3,HybridCVDV,7,25,58
3,1,4,Qubit-binary,7,37,67
3,1,4,Qubit-onehot,7,86,22
3,1,4,bosonicQAOA,7,45,86
3,1,4,HybridCVDV,7,71,43
3,1,5,Qubit-binary,7,6,28
3,1,5,Qubit-onehot,7,54,80
3,1,5,bosonicQAOA,7,38,65
3,1,5,HybridCVDV,7,78,79
3,1,6,Qubit-binary,7,87,27
3,1,6,Qubit-onehot,7,61,89
3,1,6,bosonicQAOA,7,9,64
3,1,6,HybridCVDV,7,34,86
3,1,7,Qubit-binary,7,77,20
3,1,7,Qubit-onehot,7,99,21
3,1,7,bosonicQAOA,7,53,84
3,1,7,HybridCVDV,7,16,58
3,1,8,Qubit-binary,7,59,12
3,1,8,Qubit-onehot,7,86,94
3,1,8,bosonicQAOA,7,6,2
3,1,8,HybridCVDV,7,40,75
3,1,9,Qubit-binary,7,77,96
3,1,9,Qubit-onehot,7,48,82
3,1,9,bosonicQAOA,7,75,73
3,1,9,HybridCVDV,7,33,54
3,1,0,Qubit-binary,8,36,55
3,1,0,Qubit-onehot,8,64,9
3,1,0,bosonicQAOA,8,23,26
3,1,0,HybridCVDV,8,94,38
3,1,1,Qubit-binary,8,52,82
3,1,1,Qubit-onehot,8,55,79
3,1,1,bosonicQAOA,8,18,17
3,1,1,HybridCVDV,8,99,10
3,1,2,Qubit-binary,8,6,90
3,1,2,Qubit-onehot,8,38,33
3,1,2,bosonicQAOA,8,7,59
3,1,2,HybridCVDV,8,76,47
3,1,3,Qubit-binary,8,80,74
3,1,3,Qubit-onehot,8,17,47
3,1,3,bosonicQAOA,8,55,92
3,1,3,HybridCVDV,8,30,92
3,1,4,Qubit-binary,8,42,94
3,1,4,Qubit-onehot,8,59,5
3,1,4,bosonicQAOA,8,39,5
3,1,4,HybridCVDV,8,50,67
3,1,5,Qubit-binary,8,52,45
3,1,5,Qubit-onehot,8,57,85
3,1,5,bosonicQAOA,8,70,56
3,1,5,HybridCVDV,8,65,47
3,1,6,Qubit-binary,8,61,21
3,1,6,Qubit-onehot,8,45,3
3,1,6,bosonicQAOA,8,38,94
3,1,6,HybridCVDV,8,27,28
3,1,7,Qubit-binary,8,67,55
3,1,7,Qubit-onehot,8,50,7
3,1,7,bosonicQAOA,8,15,11
3,1,7,HybridCVDV,8,75,7
3,1,8,Qubit-binary,8,20,89
3,1,8,Qubit-onehot,8,35,63
3,1,8,bosonicQAOA,8,94,86
3,1,8,HybridCVDV,8,71,87
3,1,9,Qubit-binary,8,75,39
3,1,9,Qubit-onehot,8,97,28
3,1,9,bosonicQAOA,8,70,54
3,1,9,HybridCVDV,8,62,99
3,1,0,Qubit-binary,9,91,45
3,1,0,Qubit-onehot,9,90,75
3,1,0,bosonicQAOA,9,51,80
3,1,0,HybridCVDV,9,79,82
3,1,1,Qubit-binary,9,29,13
3,1,1,Qubit-onehot,9,28,28
3,1,1,bosonicQAOA,9,29,19
3,1,1,HybridCVDV,9,16,27
3,1,2,Qubit-binary,9,91,24
3,1,2,Qubit-onehot,9,19,63
3,1,2,bosonicQAOA,9,97,28
3,1,2,HybridCVDV,9,12,39
3,1,3,Qubit-binary,9,65,87
3,1,3,Qubit-onehot,9,92,46
3,1,3,bosonicQAOA,9,19,48
3,1,3,HybridCVDV,9,87,3
3,1,4,Qubit-binary,9,80,3
3,1,4,Qubit-onehot,9,84,7
3,1,4,bosonicQAOA,9,92,24
3,1,4,HybridCVDV,9,1,46
3,1,5,Qubit-binary,9,88,60
3,1,5,Qubit-onehot,9,61,36
3,1,5,bosonicQAOA,9,57,6
3,1,5,HybridCVDV,9,54,21
3,1,6,Qubit-binary,9,34,99
3,1,6,Qubit-onehot,9,6,42
3,1,6,bosonicQAOA,9,18,18
3,1,6,HybridCVDV,9,60,37
3,1,7,Qubit-binary,9,7,66
3,1,7,Qubit-onehot,9,79,34
3,1,7,bosonicQAOA,9,7,60
3,1,7,HybridCVDV,9,42,57
3,1,8,Qubit-binary,9,88,3
3,1,8,Qubit-onehot,9,5,76
3,1,8,bosonicQAOA,9,17,50
3,1,8,HybridCVDV,9,6,40
3,1,9,Qubit-binary,9,36,18
3,1,9,Qubit-onehot,9,73,25
3,1,9,bosonicQAOA,9,2,56
3,1,9,HybridCVDV,9,3,29
4,2,0,Qubit-binary,1,76,95
4,2,0,Qubit-onehot,1,62,73
4,2,0,bosonicQAOA,1,3,27
4,2,0,HybridCVDV,1,10,67
4,2,1,Qubit-binary,1,96,4
4,2,1,Qubit-onehot,1,58,83
4,2,1,bosonicQAOA,1,32,99
4,2,1,HybridCVDV,1,22,8
4,2,2,Qubit-binary,1,69,27
4,2,2,Qubit-onehot,1,22,27
4,2,2,bosonicQAOA,1,19,29
4,2,2,HybridCVDV,1,47,41
4,2,3,Qubit-binary,1,91,55
4,2,3,Qubit-onehot,1,43,82
4,2,3,bosonicQAOA,1,39,2
4,2,3,HybridCVDV,1,78,14
4,2,4,Qubit-binary,1,77,88
4,2,4,Qubit-onehot,1,77,4
4,2,4,bosonicQAOA,1,75,18
4,2,4,HybridCVDV,1,51,41
4,2,5,Qubit-binary,1,93,58
4,2,5,Qubit-onehot,1,10,42
4,2,5,bosonicQAOA,1,30,22
4,2,5,HybridCVDV,1,64,34
4,2,6,Qubit-binary,1,42,72
4,2,6,Qubit-onehot,1,93,76
4,2,6,bosonicQAOA,1,66,68
4,2,6,HybridCVDV,1,48,83
4,2,7,Qubit-binary,1,49,5
4,2,7,Qubit-onehot,1,60,64
4,2,7,bosonicQAOA,1,84,36
4,2,7,HybridCVDV,1,29,93
4,2,8,Qubit-binary,1,89,50
4,2,8,Qubit-onehot,1,66,55
4,2,8,bosonicQAOA,1,56,76
4,2,8,HybridCVDV,1,19,97
4,2,9,Qubit-binary,1,9,44
4,2,9,Qubit-onehot,1,78,41
4,2,9,bosonicQAOA,1,74,81
4,2,9,HybridCVDV,1,95,41
4,2,0,Qubit-binary,2,65,10
4,2,0,Qubit-onehot,2,48,91
4,2,0,bosonicQAOA,2,58,84
4,2,0,HybridCVDV,2,38,42
4,2,1,Qubit-binary,2,24,70
4,2,1,Qubit-onehot,2,39,35
4,2,1,bosonicQAOA,2,15,55
4,2,1,HybridCVDV,2,45,71
4,2,2,Qubit-binary,2,3,87
4,2,2,Qubit-onehot,2,79,9
4,2,2,bosonicQAOA,2,9,28
4,2,2,HybridCVDV,2,63,51
4,2,3,Qubit-binary,2,81,49
4,2,3,Qubit-onehot,2,26,51
4,2,3,bosonicQAOA,2,46,94
4,2,3,HybridCVDV,2,6,75
4,2,4,Qubit-binary,2,71,24
4,2,4,Qubit-onehot,2,79,19
4,2,4,bosonicQAOA,2,55,9
4,2,4,HybridCVDV,2,28,53
4,2,5,Qubit-binary,2,30,37
4,2,5,Qubit-onehot,2,71,98
4,2,5,bosonicQAOA,2,71,60
4,2,5,HybridCVDV,2,1,35
4,2,6,Qubit-binary,2,40,60
4,2,6,Qubit-onehot,2,42,48
4,2,6,bosonicQAOA,2,19,12
4,2,6,HybridCVDV,2,36,12
4,2,7,Qubit-binary,2,62,52
4,2,7,Qubit-onehot,2,5,21
4,2,7,bosonicQAOA,2,51,65
4,2,7,HybridCVDV,2,24,61
4,2,8,Qubit-binary,2,54,94
4,2,8,Qubit-onehot,2,10,1
4,2,8,bosonicQAOA,2,59,92
4,2,8,HybridCVDV,2,66,73
4,2,9,Qubit-binary,2,66,12
4,2,9,Qubit-onehot,2,81,60
4,2,9,bosonicQAOA,2,23,2
4,2,9,HybridCVDV,2,13,81
4,2,0,Qubit-binary,3,24,89
4,2,0,Qubit-onehot,3,6,7
4,2,0,bosonicQAOA,3,34,76
4,2,0,HybridCVDV,3,93,94
4,2,1,Qubit-binary,3,58,26
4,2,1,Qubit-onehot,3,1,78
4,2,1,bosonicQAOA,3,29,26
4,2,1,HybridCVDV,3,74,58
4,2,2,Qubit-binary,3,31,61
4,2,2,Qubit-onehot,3,80,71
4,2,2,bosonicQAOA,3,26,13
4,2,2,HybridCVDV,3,66,72
4,2,3,Qubit-binary,3,64,46
4,2,3,Qubit-onehot,3,20,45
4,2,3,bosonicQAOA,3,29,9
4,2,3,HybridCVDV,3,9,68
4,2,4,Qubit-binary,3,73,23
4,2,4,Qubit-onehot,3,44,25
4,2,4,bosonicQAOA,3,38,86
4,2,4,HybridCVDV,3,15,14
4,2,5,Qubit-binary,3,62,73
4,2,5,Qubit-onehot,3,75,96
4,2,5,bosonicQAOA,3,40,60
4,2,5,HybridCVDV,3,12,10
4,2,6,Qubit-binary,3,53,5
4,2,6,Qubit-onehot,3,77,3
4,2,6,bosonicQAOA,3,77,3
4,2,6,HybridCVDV,3,43,34
4,2,7,Qubit-binary,3,17,68
4,2,7,Qubit-onehot,3,1,15
4,2,7,bosonicQAOA,3,96,96
4,2,7,HybridCVDV,3,83,81
4,2,8,Qubit-binary,3,24,8
4,2,8,Qubit-onehot,3,73,38
4,2,8,bosonicQAOA,3,24,99
4,2,8,HybridCVDV,3,88,25
4,2,9,Qubit-binary,3,35,78
4,2,9,Qubit-onehot,3,90,2
4,2,9,bosonicQAOA,3,38,61
4,2,9,HybridCVDV,3,12,76
4,2,0,Qubit-binary,4,17,73
4,2,0,Qubit-onehot,4,57,66
4,2,0,bosonicQAOA,4,18,35
4,2,0,HybridCVDV,4,47,32
4,2,1,Qubit-binary,4,25,62
4,2,1,Qubit-onehot,4,57,29
4,2,1,bosonicQAOA,4,85,47
4,2,1,HybridCVDV,4,54,49
4,2,2,Qubit-binary,4,39,1
4,2,2,Qubit-onehot,4,30,39
4,2,2,bosonicQAOA,4,46,34
4,2,2,HybridCVDV,4,17,71
4,2,3,Qubit-binary,4,8,81
4,2,3,Qubit-onehot,4,29,79
4,2,3,bosonicQAOA,4,30,34
4,2,3,HybridCVDV,4,69,65
4,2,4,Qubit-binary,4,97,31
4,2,4,Qubit-onehot,4,13,77
4,2,4,bosonicQAOA,4,17,50
4,2,4,HybridCVDV,4,36,7
4,2,5,Qubit-binary,4,73,5
4,2,5,Qubit-onehot,4,52,55
4,2,5,bosonicQAOA,4,24,42
4,2,5,HybridCVDV,4,66,84
4,2,6,Qubit-binary,4,45,56
4,2,6,Qubit-onehot,4,82,75
4,2,6,bosonicQAOA,4,66,79
4,2,6,HybridCVDV,4,61,93
4,2,7,Qubit-binary,4,83,61
4,2,7,Qubit-onehot,4,60,62
4,2,7,bosonicQAOA,4,91,21
4,2,7,HybridCVDV,4,69,54
4,2,8,Qubit-binary,4,88,29
4,2,8,Qubit-onehot,4,52,47
4,2,8,bosonicQAOA,4,23,43
4,2,8,HybridCVDV,4,87,1
4,2,9,Qubit-binary,4,1,75
4,2,9,Qubit-onehot,4,10,99
4,2,9,bosonicQAOA,4,72,80
4,2,9,HybridCVDV,4,80,18
4,2,0,Qubit-binary,5,64,21
4,2,0,Qubit-onehot,5,38,24
4,2,0,bosonicQAOA,5,64,19
4,2,0,HybridCVDV,5,97,76
4,2,1,Qubit-binary,5,74,5
4,2,1,Qubit-onehot,5,87,77
4,2,1,bosonicQAOA,5,70,18
4,2,1,HybridCVDV,5,98,60
4,2,2,Qubit-binary,5,10,40
4,2,2,Qubit-onehot,5,70,39
4,2,2,bosonicQAOA,5,96,38
4,2,2,HybridCVDV,5,92,90
4,2,3,Qubit-binary,5,38,59
4,2,3,Qubit-onehot,5,99,50
4,2,3,bosonicQAOA,5,41,39
4,2,3,HybridCVDV,5,37,55
4,2,4,Qubit-binary,5,84,95
4,2,4,Qubit-onehot,5,61,86
4,2,4,bosonicQAOA,5,34,36
4,2,4,HybridCVDV,5,5,73
4,2,5,Qubit-binary,5,58,96
4,2,5,Qubit-onehot,5,50,93
4,2,5,bosonicQAOA,5,97,2
4,2,5,HybridCVDV,5,17,46
4,2,6,Qubit-binary,5,39,71
4,2,6,Qubit-onehot,5,14,22
4,2,6,bosonicQAOA,5,25,37
4,2,6,HybridCVDV,5,17,8
4,2,7,Qubit-binary,5,94,34
4,2,7,Qubit-onehot,5,34,40
4,2,7,bosonicQAOA,5,7,24
4,2,7,HybridCVDV,5,24,58
4,2,8,Qubit-binary,5,74,86
4,2,8,Qubit-onehot,5,85,86
4,2,8,bosonicQAOA,5,88,97
4,2,8,HybridCVDV,5,79,54
4,2,9,Qubit-binary,5,75,83
4,2,9,Qubit-onehot,5,18,85
4,2,9,bosonicQAOA,5,82,7
4,2,9,HybridCVDV,5,23,99
4,2,0,Qubit-binary,6,10,4
4,2,0,Qubit-onehot,6,55,49
4,2,0,bosonicQAOA,6,65,44
4,2,0,HybridCVDV,6,59,85
4,2,1,Qubit-binary,6,75,3
4,2,1,Qubit-onehot,6,25,18
4,2,1,bosonicQAOA,6,74,55
4,2,1,HybridCVDV,6,25,63
4,2,2,Qubit-binary,6,42,85
4,2,2,Qubit-onehot,6,75,1
4,2,2,bosonicQAOA,6,54,72
4,2,2,HybridCVDV,6,14,77
4,2,3,Qubit-binary,6,90,64
4,2,3,Qubit-onehot,6,17,14
4,2,3,bosonicQAOA,6,31,64
4,2,3,HybridCVDV,6,40,47
4,2,4,Qubit-binary,6,76,32
4,2,4,Qubit-onehot,6,67,49
4,2,4,bosonicQAOA,6,57,73
4,2,4,HybridCVDV,6,70,26
4,2,5,Qubit-binary,6,84,94
4,2,5,Qubit-onehot,6,61,34
4,2,5,bosonicQAOA,6,59,52
4,2,5,HybridCVDV,6,26,75
4,2,6,Qubit-binary,6,59,23
4,2,6,Qubit-onehot,6,38,62
4,2,6,bosonicQAOA,6,16,16
4,2,6,HybridCVDV,6,18,33
4,2,7,Qubit-binary,6,99,75
4,2,7,Qubit-onehot,6,56,19
4,2,7,bosonicQAOA,6,44,8
4,2,7,HybridCVDV,6,98,20
4,2,8,Qubit-binary,6,28,14
4,2,8,Qubit-onehot,6,53,44
4,2,8,bosonicQAOA,6,50,28
4,2,8,HybridCVDV,6,72,98
4,2,9,Qubit-binary,6,10,43
4,2,9,Qubit-onehot,6,12,69
4,2,9,bosonicQAOA,6,29,68
4,2,9,HybridCVDV,6,73,65
4,2,0,Qubit-binary,7,6,5
4,2,0,Qubit-onehot,7,30,80
4,2,0,bosonicQAOA,7,10,51
4,2,0,HybridCVDV,7,85,3
4,2,1,Qubit-binary,7,91,75
4,2,1,Qubit-onehot,7,44,25
4,2,1,bosonicQAOA,7,67,74
4,2,1,HybridCVDV,7,26,10
4,2,2,Qubit-binary,7,80,64
4,2,2,Qubit-onehot,7,87,36
4,2,2,bosonicQAOA,7,44,14
4,2,2,HybridCVDV,7,67,36
4,2,3,Qubit-binary,7,76,60
4,2,3,Qubit-onehot,7,54,93
4,2,3,bosonicQAOA,7,40,11
4,2,3,HybridCVDV,7,3,64
4,2,4,Qubit-binary,7,83,87
4,2,4,Qubit-onehot,7,5,10
4,2,4,bosonicQAOA,7,75,50
4,2,4,HybridCVDV,7,70,17
4,2,5,Qubit-binary,7,30,43
4,2,5,Qubit-onehot,7,6,30
4,2,5,bosonicQAOA,7,81,19
4,2,5,HybridCVDV,7,52,45
4,2,6,Qubit-binary,7,7,6
4,2,6,Qubit-onehot,7,75,71
4,2,6,bosonicQAOA,7,64,7
4,2,6,HybridCVDV,7,28,58
4,2,7,Qubit-binary,7,43,93
4,2,7,Qubit-onehot,7,78,16
4,2,7,bosonicQAOA,7,94,70
4,2,7,HybridCVDV,7,90,34
4,2,8,Qubit-binary,7,18,14
4,2,8,Qubit-onehot,7,99,56
4,2,8,bosonicQAOA,7,59,77
4,2,8,HybridCVDV,7,83,21
4,2,9,Qubit-binary,7,90,69
4,2,9,Qubit-onehot,7,28,73
4,2,9,bosonicQAOA,7,72,74
4,2,9,HybridCVDV,7,12,17
4,2,0,Qubit-binary,8,47,35
4,2,0,Qubit-onehot,8,97,45
4,2,0,bosonicQAOA,8,25,79
4,2,0,HybridCVDV,8,85,47
4,2,1,Qubit-binary,8,45,65
4,2,1,Qubit-onehot,8,71,4
4,2,1,bosonicQAOA,8,90,77
4,2,1,HybridCVDV,8,21,76
4,2,2,Qubit-binary,8,12,42
4,2,2,Qubit-onehot,8,80,66
4,2,2,bosonicQAOA,8,39,7
4,2,2,HybridCVDV,8,66,42
4,2,3,Qubit-binary,8,28,53
4,2,3,Qubit-onehot,8,97,57
4,2,3,bosonicQAOA,8,27,22
4,2,3,HybridCVDV,8,89,18
4,2,4,Qubit-binary,8,89,50
4,2,4,Qubit-onehot,8,99,90
4,2,4,bosonicQAOA,8,15,52
4,2,4,HybridCVDV,8,55,61
4,2,5,Qubit-binary,8,82,23
4,2,5,Qubit-onehot,8,51,49
4,2,5,bosonicQAOA,8,65,26
4,2,5,HybridCVDV,8,3,58
4,2,6,Qubit-binary,8,2,4
4,2,6,Qubit-onehot,8,76,62
4,2,6,bosonicQAOA,8,79,17
4,2,6,HybridCVDV,8,18,47
4,2,7,Qubit-binary,8,44,62
4,2,7,Qubit-onehot,8,64,75
4,2,7,bosonicQAOA,8,36,63
4,2,7,HybridCVDV,8,76,33
4,2,8,Qubit-binary,8,70,5
4,2,8,Qubit-onehot,8,58,39
4,2,8,bosonicQAOA,8,82,59
4,2,8,HybridCVDV,8,56,4
4,2,9,Qubit-binary,8,70,95
4,2,9,Qubit-onehot,8,61,9
4,2,9,bosonicQAOA,8,96,11
4,2,9,HybridCVDV,8,86,32
4,2,0,Qubit-binary,9,18,85
4,2,0,Qubit-onehot,9,57,37
4,2,0,bosonicQAOA,9,48,5
4,2,0,HybridCVDV,9,61,94
4,2,1,Qubit-binary,9,26,36
4,2,1,Qubit-onehot,9,29,55
4,2,1,bosonicQAOA,9,52,20
4,2,1,HybridCVDV,9,43,55
4,2,2,Qubit-binary,9,51,11
4,2,2,Qubit-onehot,9,16,81
4,2,2,bosonicQAOA,9,85,9
4,2,2,HybridCVDV,9,62,38
4,2,3,Qubit-binary,9,10,8
4,2,3,Qubit-onehot,9,16,54
4,2,3,bosonicQAOA,9,90,88
4,2,3,HybridCVDV,9,70,72
4,2,4,Qubit-binary,9,95,99
4,2,4,Qubit-onehot,9,2,39
4,2,4,bosonicQAOA,9,33,20
4,2,4,HybridCVDV,9,34,75
4,2,5,Qubit-binary,9,83,74
4,2,5,Qubit-onehot,9,98,29
4,2,5,bosonicQAOA,9,32,91
4,2,5,HybridCVDV,9,20,5
4,2,6,Qubit-binary,9,64,69
4,2,6,Qubit-onehot,9,28,69
4,2,6,bosonicQAOA,9,34,32
4,2,6,HybridCVDV,9,41,67
4,2,7,Qubit-binary,9,8,7
4,2,7,Qubit-onehot,9,28,48
4,2,7,bosonicQAOA,9,81,43
4,2,7,HybridCVDV,9,34,76
4,2,8,Qubit-binary,9,20,51
4,2,8,Qubit-onehot,9,71,45
4,2,8,bosonicQAOA,9,16,47
4,2,8,HybridCVDV,9,8,65
4,2,9,Qubit-binary,9,14,42
4,2,9,Qubit-onehot,9,10,6
4,2,9,bosonicQAOA,9,86,69
4,2,9,HybridCVDV,9,59,77
5,2,0,Qubit-binary,1,47,20
5,2,0,Qubit-onehot,1,19,54
5,2,0,bosonicQAOA,1,59,47
5,2,0,HybridCVDV,1,97,42
5,2,1,Qubit-binary,1,69,44
5,2,1,Qubit-onehot,1,64,46
5,2,1,bosonicQAOA,1,35,44
5,2,1,HybridCVDV,1,78,98
5,2,2,Qubit-binary,1,31,68
5,2,2,Qubit-onehot,1,1,24
5,2,2,bosonicQAOA,1,13,28
5,2,2,HybridCVDV,1,6,67
5,2,3,Qubit-binary,1,45,85
5,2,3,Qubit-onehot,1,53,59
5,2,3,bosonicQAOA,1,89,2
5,2,3,HybridCVDV,1,77,4
5,2,4,Qubit-binary,1,29,7
5,2,4,Qubit-onehot,1,63,68
5,2,4,bosonicQAOA,1,94,52
5,2,4,HybridCVDV,1,17,56
5,2,5,Qubit-binary,1,6,66
5,2,5,Qubit-onehot,1,16,73
5,2,5,bosonicQAOA,1,96,46
5,2,5,HybridCVDV,1,11,50
5,2,6,Qubit-binary,1,2,96
5,2,6,Qubit-onehot,1,92,1
5,2,6,bosonicQAOA,1,44,18
5,2,6,HybridCVDV,1,75,39
5,2,7,Qubit-binary,1,71,22
5,2,7,Qubit-onehot,1,81,19
5,2,7,bosonicQAOA,1,56,44
5,2,7,HybridCVDV,1,54,60
5,2,8,Qubit-binary,1,41,7
5,2,8,Qubit-onehot,1,61,29
5,2,8,bosonicQAOA,1,80,19
5,2,8,HybridCVDV,1,17,71
5,2,9,Qubit-binary,1,21,95
5,2,9,Qubit-onehot,1,90,28
5,2,9,bosonicQAOA,1,9,3
5,2,9,HybridCVDV,1,12,5
5,2,0,Qubit-binary,2,4,81
5,2,0,Qubit-onehot,2,11,96
5,2,0,bosonicQAOA,2,15,96
5,2,0,HybridCVDV,2,67,93
5,2,1,Qubit-binary,2,61,90
5,2,1,Qubit-onehot,2,71,26
5,2,1,bosonicQAOA,2,61,93
5,2,1,HybridCVDV,2,12,51
5,2,2,Qubit-binary,2,27,70
5,2,2,Qubit-onehot,2,99,70
5,2,2,bosonicQAOA,2,19,93
5,2,2,HybridCVDV,2,97,60
5,2,3,Qubit-binary,2,23,28
5,2,3,Qubit-onehot,2,76,42
5,2,3,bosonicQAOA,2,20,33
5,2,3,HybridCVDV,2,86,2
5,2,4,Qubit-binary,2,23,46
5,2,4,Qubit-onehot,2,32,64
5,2,4,bosonicQAOA,2,11,23
5,2,4,HybridCVDV,2,52,85
5,2,5,Qubit-binary,2,9,39
5,2,5,Qubit-onehot,2,28,5
5,2,5,bosonicQAOA,2,2,77
5,2,5,HybridCVDV,2,8,51
5,2,6,Qubit-binary,2,51,90
5,2,6,Qubit-onehot,2,42,47
5,2,6,bosonicQAOA,2,85,4
5,2,6,HybridCVDV,2,4,25
5,2,7,Qubit-binary,2,8,15
5,2,7,Qubit-onehot,2,56,2
5,2,7,bosonicQAOA,2,26,47
5,2,7,HybridCVDV,2,23,39
5,2,8,Qubit-binary,2,44,75
5,2,8,Qubit-onehot,2,75,35
5,2,8,bosonicQAOA,2,18,33
5,2,8,HybridCVDV,2,36,80
5,2,9,Qubit-binary,2,71,9
5,2,9,Qubit-onehot,2,67,92
5,2,9,bosonicQAOA,2,24,42
5,2,9,HybridCVDV,2,81,52
5,2,0,Qubit-binary,3,42,76
5,2,0,Qubit-onehot,3,75,74
5,2,0,bosonicQAOA,3,57,40
5,2,0,HybridCVDV,3,50,10
5,2,1,Qubit-binary,3,32,81
5,2,1,Qubit-onehot,3,21,32
5,2,1,bosonicQAOA,3,7,15
5,2,1,HybridCVDV,3,81,48
5,2,2,Qubit-binary,3,62,25
5,2,2,Qubit-onehot,3,2,59
5,2,2,bosonicQAOA,3,66,2
5,2,2,HybridCVDV,3,21,10
5,2,3,Qubit-binary,3,75,89
5,2,3,Qubit-onehot,3,74,91
5,2,3,bosonicQAOA,3,72,83
5,2,3,HybridCVDV,3,99,35
5,2,4,Qubit-binary,3,81,73
5,2,4,Qubit-onehot,3,9,81
5,2,4,bosonicQAOA,3,27,51
5,2,4,HybridCVDV,3,19,63
5,2,5,Qubit-binary,3,44,18
5,2,5,Qubit-onehot,3,82,62
5,2,5,bosonicQAOA,3,98,97
5,2,5,HybridCVDV,3,90,83
5,2,6,Qubit-binary,3,59,13
5,2,6,Qubit-onehot,3,8,84
5,2,6,bosonicQAOA,3,38,1
5,2,6,HybridCVDV,3,30,71
5,2,7,Qubit-binary,3,3,80
5,2,7,Qubit-onehot,3,84,67
5,2,7,bosonicQAOA,3,38,14
5,2,7,HybridCVDV,3,96,96
5,2,8,Qubit-binary,3,76,44
5,2,8,Qubit-onehot,3,58,46
5,2,8,bosonicQAOA,3,31,27
5,2,8,HybridCVDV,3,80,89
5,2,9,Qubit-binary,3,5,66
5,2,9,Qubit-onehot,3,59,29
5,2,9,bosonicQAOA,3,89,65
5,2,9,HybridCVDV,3,22,74
5,2,0,Qubit-binary,4,31,82
5,2,0,Qubit-onehot,4,63,13
5,2,0,bosonicQAOA,4,76,70
5,2,0,HybridCVDV,4,18,63
5,2,1,Qubit-binary,4,75,55
5,2,1,Qubit-onehot,4,59,7
5,2,1,bosonicQAOA,4,6,50
5,2,1,HybridCVDV,4,61,41
5,2,2,Qubit-binary,4,63,66
5,2,2,Qubit-onehot,4,70,54
5,2,2,bosonicQAOA,4,82,68
5,2,2,HybridCVDV,4,14,93
5,2,3,Qubit-binary,4,15,20
5,2,3,Qubit-onehot,4,28,71
5,2,3,bosonicQAOA,4,77,4
5,2,3,HybridCVDV,4,48,20
5,2,4,Qubit-binary,4,75,73
5,2,4,Qubit-onehot,4,47,46
5,2,4,bosonicQAOA,4,21,96
5,2,4,HybridCVDV,4,58,15
5,2,5,Qubit-binary,4,63,68
5,2,5,Qubit-onehot,4,91,6
5,2,5,bosonicQAOA,4,22,75
5,2,5,HybridCVDV,4,47,2
5,2,6,Qubit-binary,4,32,82
5,2,6,Qubit-onehot,4,48,88
5,2,6,bosonicQAOA,4,63,77
5,2,6,HybridCVDV,4,42,27
5,2,7,Qubit-binary,4,43,15
5,2,7,Qubit-onehot,4,57,39
5,2,7,bosonicQAOA,4,17,62
5,2,7,HybridCVDV,4,67,13
5,2,8,Qubit-binary,4,80,39
5,2,8,Qubit-onehot,4,95,86
5,2,8,bosonicQAOA,4,55,47
5,2,8,HybridCVDV,4,55,4
5,2,9,Qubit-binary,4,87,88
5,2,9,Qubit-onehot,4,31,34
5,2,9,bosonicQAOA,4,25,46
5,2,9,HybridCVDV,4,66,75
5,2,0,Qubit-binary,5,37,46
5,2,0,Qubit-onehot,5,8,96
5,2,0,bosonicQAOA,5,41,2
5,2,0,HybridCVDV,5,8,70
5,2,1,Qubit-binary,5,74,54
5,2,1,Qubit-onehot,5,42,69
5,2,1,bosonicQAOA,5,10,86
5,2,1,HybridCVDV,5,37,16
5,2,2,Qubit-binary,5,23,41
5,2,2,Qubit-onehot,5,65,86
5,2,2,bosonicQAOA,5,65,49
5,2,2,HybridCVDV,5,53,63
5,2,3,Qubit-binary,5,58,77
5,2,3,Qubit-onehot,5,11,65
5,2,3,bosonicQAOA,5,26,23
5,2,3,HybridCVDV,5,24,63
5,2,4,Qubit-binary,5,2,58
5,2,4,Qubit-onehot,5,44,52
5,2,4,bosonicQAOA,5,82,2
5,2,4,HybridCVDV,5,93,18
5,2,5,Qubit-binary,5,96,78
5,2,5,Qubit-onehot,5,98,82
5,2,5,bosonicQAOA,5,73,67
5,2,5,HybridCVDV,5,89,70
5,2,6,Qubit-binary,5,27,58
5,2,6,Qubit-onehot,5,91,90
5,2,6,bosonicQAOA,5,91,25
5,2,6,HybridCVDV,5,19,77
5,2,7,Qubit-binary,5,1,8
5,2,7,Qubit-onehot,5,18,2
5,2,7,bosonicQAOA,5,12,24
5,2,7,HybridCVDV,5,56,13
5,2,8,Qubit-binary,5,19,16
5,2,8,Qubit-onehot,5,55,70
5,2,8,bosonicQAOA,5,5,29
5,2,8,HybridCVDV,5,97,85
5,2,9,Qubit-binary,5,49,39
5,2,9,Qubit-onehot,5,36,20
5,2,9,bosonicQAOA,5,38,26
5,2,9,HybridCVDV,5,73,39
5,2,0,Qubit-binary,6,17,79
5,2,0,Qubit-onehot,6,3,7
5,2,0,bosonicQAOA,6,28,29
5,2,0,HybridCVDV,6,33,59
5,2,1,Qubit-binary,6,21,14
5,2,1,Qubit-onehot,6,50,94
5,2,1,bosonicQAOA,6,63,4
5,2,1,HybridCVDV,6,2,41
5,2,2,Qubit-binary,6,1,5
5,2,2,Qubit-onehot,6,33,74
5,2,2,bosonicQAOA,6,37,45
5,2,2,HybridCVDV,6,9,14
5,2,3,Qubit-binary,6,83,53
5,2,3,Qubit-onehot,6,17,31
5,2,3,bosonicQAOA,6,47,59
5,2,3,HybridCVDV,6,48,26
5,2,4,Qubit-binary,6,99,69
5,2,4,Qubit-onehot,6,18,84
5,2,4,bosonicQAOA,6,94,41
5,2,4,HybridCVDV,6,65,27
5,2,5,Qubit-binary,6,84,96
5,2,5,Qubit-onehot,6,27,29
5,2,5,bosonicQAOA,6,76,66
5,2,5,HybridCVDV,6,35,71
5,2,6,Qubit-binary,6,75,93
5,2,6,Qubit-onehot,6,31,88
5,2,6,bosonicQAOA,6,77,51
5,2,6,HybridCVDV,6,41,37
5,2,7,Qubit-binary,6,9,82
5,2,7,Qubit-onehot,6,82,73
5,2,7,bosonicQAOA,6,79,70
5,2,7,HybridCVDV,6,47,96
5,2,8,Qubit-binary,6,63,93
5,2,8,Qubit-onehot,6,56,52
5,2,8,bosonicQAOA,6,21,36
5,2,8,HybridCVDV,6,43,74
5,2,9,Qubit-binary,6,68,67
5,2,9,Qubit-onehot,6,22,55
5,2,9,bosonicQAOA,6,77,55
5,2,9,HybridCVDV,6,63,93
5,2,0,Qubit-binary,7,41,30
5,2,0,Qubit-onehot,7,99,38
5,2,0,bosonicQAOA,7,41,18
5,2,0,HybridCVDV,7,4,38
5,2,1,Qubit-binary,7,39,43
5,2,1,Qubit-onehot,7,68,94
5,2,1,bosonicQAOA,7,28,42
5,2,1,HybridCVDV,7,74,80
5,2,2,Qubit-binary,7,36,72
5,2,2,Qubit-onehot,7,18,8
5,2,2,bosonicQAOA,7,22,62
5,2,2,HybridCVDV,7,25,3
5,2,3,Qubit-binary,7,84,83
5,2,3,Qubit-onehot,7,22,69
5,2,3,bosonicQAOA,7,15,7
5,2,3,HybridCVDV,7,97,9
5,2,4,Qubit-binary,7,75,29
5,2,4,Qubit-onehot,7,2,76
5,2,4,bosonicQAOA,7,17,54
5,2,4,HybridCVDV,7,67,30
5,2,5,Qubit-binary,7,94,85
5,2,5,Qubit-onehot,7,91,23
5,2,5,bosonicQAOA,7,97,83
5,2,5,HybridCVDV,7,4,93
5,2,6,Qubit-binary,7,71,30
5,2,6,Qubit-onehot,7,31,99
5,2,6,bosonicQAOA,7,68,32
5,2,6,HybridCVDV,7,50,96
5,2,7,Qubit-binary,7,75,66
5,2,7,Qubit-onehot,7,66,12
5,2,7,bosonicQAOA,7,35,95
5,2,7,HybridCVDV,7,25,8
5,2,8,Qubit-binary,7,5,40
5,2,8,Qubit-onehot,7,1,26
5,2,8,bosonicQAOA,7,68,98
5,2,8,HybridCVDV,7,28,36
5,2,9,Qubit-binary,7,85,94
5,2,9,Qubit-onehot,7,69,93
5,2,9,bosonicQAOA,7,47,88
5,2,9,HybridCVDV,7,77,25
5,2,0,Qubit-binary,8,36,52
5,2,0,Qubit-onehot,8,20,84
5,2,0,bosonicQAOA,8,11,23
5,2,0,HybridCVDV,8,58,3
5,2,1,Qubit-binary,8,61,78
5,2,1,Qubit-onehot,8,38,85
5,2,1,bosonicQAOA,8,13,20
5,2,1,HybridCVDV,8,34,94
5,2,2,Qubit-binary,8,88,9
5,2,2,Qubit-onehot,8,69,65
5,2,2,bosonicQAOA,8,11,54
5,2,2,HybridCVDV,8,86,20
5,2,3,Qubit-binary,8,16,54
5,2,3,Qubit-onehot,8,53,25
5,2,3,bosonicQAOA,8,93,81
5,2,3,HybridCVDV,8,39,15
5,2,4,Qubit-binary,8,95,74
5,2,4,Qubit-onehot,8,13,91
5,2,4,bosonicQAOA,8,63,11
5,2,4,HybridCVDV,8,87,60
5,2,5,Qubit-binary,8,11,32
5,2,5,Qubit-onehot,8,4,34
5,2,5,bosonicQAOA,8,55,84
5,2,5,HybridCVDV,8,38,58
5,2,6,Qubit-binary,8,18,84
5,2,6,Qubit-onehot,8,5,72
5,2,6,bosonicQAOA,8,7,50
5,2,6,HybridCVDV,8,61,56
5,2,7,Qubit-binary,8,18,51
5,2,7,Qubit-onehot,8,30,38
5,2,7,bosonicQAOA,8,95,88
5,2,7,HybridCVDV,8,45,90
5,2,8,Qubit-binary,8,2,64
5,2,8,Qubit-onehot,8,11,77
5,2,8,bosonicQAOA,8,13,20
5,2,8,HybridCVDV,8,98,62
5,2,9,Qubit-binary,8,40,5
5,2,9,Qubit-onehot,8,65,95
5,2,9,bosonicQAOA,8,81,2
5,2,9,HybridCVDV,8,81,93
5,2,0,Qubit-binary,9,37,43
5,2,0,Qubit-onehot,9,33,62
5,2,0,bosonicQAOA,9,3,80
5,2,0,HybridCVDV,9,13,71
5,2,1,Qubit-binary,9,92,38
5,2,1,Qubit-onehot,9,29,43
5,2,1,bosonicQAOA,9,5,6
5,2,1,HybridCVDV,9,35,65
5,2,2,Qubit-binary,9,33,24
5,2,2,Qubit-onehot,9,27,92
5,2,2,bosonicQAOA,9,25,3
5,2,2,HybridCVDV,9,60,40
5,2,3,Qubit-binary,9,45,91
5,2,3,Qubit-onehot,9,2,8
5,2,3,bosonicQAOA,9,81,22
5,2,3,HybridCVDV,9,36,80
5,2,4,Qubit-binary,9,13,82
5,2,4,Qubit-onehot,9,93,39
5,2,4,bosonicQAOA,9,4,87
5,2,4,HybridCVDV,9,27,84
5,2,5,Qubit-binary,9,70,58
5,2,5,Qubit-onehot,9,45,72
5,2,5,bosonicQAOA,9,77,76
5,2,5,HybridCVDV,9,54,20
5,2,6,Qubit-binary,9,53,56
5,2,6,Qubit-onehot,9,87,78
5,2,6,bosonicQAOA,9,71,31
5,2,6,HybridCVDV,9,21,79
5,2,7,Qubit-binary,9,35,48
5,2,7,Qubit-onehot,9,40,23
5,2,7,bosonicQAOA,9,90,44
5,2,7,HybridCVDV,9,92,98
5,2,8,Qubit-binary,9,92,17
5,2,8,Qubit-onehot,9,12,35
5,2,8,bosonicQAOA,9,29,28
5,2,8,HybridCVDV,9,11,8
5,2,9,Qubit-binary,9,33,13
5,2,9,Qubit-onehot,9,91,76
5,2,9,bosonicQAOA,9,68,21
5,2,9,HybridCVDV,9,5,70
5,3,0,Qubit-binary,1,9,69
5,3,0,Qubit-onehot,1,35,92
5,3,0,bosonicQAOA,1,9,19
5,3,0,HybridCVDV,1,29,54
5,3,1,Qubit-binary,1,72,34
5,3,1,Qubit-onehot,1,56,4
5,3,1,bosonicQAOA,1,22,9
5,3,1,HybridCVDV,1,97,52
5,3,2,Qubit-binary,1,41,70
5,3,2,Qubit-onehot,1,19,11
5,3,2,bosonicQAOA,1,12,57
5,3,2,HybridCVDV,1,87,87
5,3,3,Qubit-binary,1,98,35
5,3,3,Qubit-onehot,1,15,57
5,3,3,bosonicQAOA,1,69,12
5,3,3,HybridCVDV,1,70,57
5,3,4,Qubit-binary,1,61,13
5,3,4,Qubit-onehot,1,45,13
5,3,4,bosonicQAOA,1,58,44
5,3,4,HybridCVDV,1,13,2
5,3,5,Qubit-binary,1,6,94
5,3,5,Qubit-onehot,1,26,31
5,3,5,bosonicQAOA,1,3,64
5,3,5,HybridCVDV,1,72,48
5,3,6,Qubit-binary,1,62,62
5,3,6,Qubit-onehot,1,18,4
5,3,6,bosonicQAOA,1,38,79
5,3,6,HybridCVDV,1,32,85
5,3,7,Qubit-binary,1,1,95
5,3,7,Qubit-onehot,1,11,27
5,3,7,bosonicQAOA,1,78,42
5,3,7,HybridCVDV,1,5,27
5,3,8,Qubit-binary,1,3,72
5,3,8,Qubit-onehot,1,61,29
5,3,8,bosonicQAOA,1,31,80
5,3,8,HybridCVDV,1,36,94
5,3,9,Qubit-binary,1,5,13
5,3,9,Qubit-onehot,1,42,75
5,3,9,bosonicQAOA,1,77,49
5,3,9,HybridCVDV,1,22,78
5,3,0,Qubit-binary,2,35,83
5,3,0,Qubit-onehot,2,69,24
5,3,0,bosonicQAOA,2,38,26
5,3,0,HybridCVDV,2,75,42
5,3,1,Qubit-binary,2,61,45
5,3,1,Qubit-onehot,2,34,6
5,3,1,bosonicQAOA,2,69,27
5,3,1,HybridCVDV,2,89,56
5,3,2,Qubit-binary,2,50,79
5,3,2,Qubit-onehot,2,54,21
5,3,2,bosonicQAOA,2,36,88
5,3,2,HybridCVDV,2,68,36
5,3,3,Qubit-binary,2,5,41
5,3,3,Qubit-onehot,2,89,69
5,3,3,bosonicQAOA,2,12,56
5,3,3,HybridCVDV,2,36,15
5,3,4,Qubit-binary,2,28,55
5,3,4,Qubit-onehot,2,91,81
5,3,4,bosonicQAOA,2,70,30
5,3,4,HybridCVDV,2,52,58
5,3,5,Qubit-binary,2,67,96
5,3,5,Qubit-onehot,2,88,58
5,3,5,bosonicQAOA,2,65,31
5,3,5,HybridCVDV,2,31,65
5,3,6,Qubit-binary,2,13,87
5,3,6,Qubit-onehot,2,59,30
5,3,6,bosonicQAOA,2,49,63
5,3,6,HybridCVDV,2,68,71
5,3,7,Qubit-binary,2,41,6
5,3,7,Qubit-onehot,2,44,71
5,3,7,bosonicQAOA,2,74,3
5,3,7,HybridCVDV,2,67,96
5,3,8,Qubit-binary,2,39,45
5,3,8,Qubit-onehot,2,53,40
5,3,8,bosonicQAOA,2,4,50
5,3,8,HybridCVDV,2,23,89
5,3,9,Qubit-binary,2,71,75
5,3,9,Qubit-onehot,2,33,80
5,3,9,bosonicQAOA,2,68,43
5,3,9,HybridCVDV,2,30,32
5,3,0,Qubit-binary,3,22,35
5,3,0,Qubit-onehot,3,78,11
5,3,0,bosonicQAOA,3,19,22
5,3,0,HybridCVDV,3,31,40
5,3,1,Qubit-binary,3,28,81
5,3,1,Qubit-onehot,3,18,27
5,3,1,bosonicQAOA,3,59,18
5,3,1,HybridCVDV,3,78,70
5,3,2,Qubit-binary,3,69,87
5,3,2,Qubit-onehot,3,4,93
5,3,2,bosonicQAOA,3,48,74
5,3,2,HybridCVDV,3,40,17
5,3,3,Qubit-binary,3,16,9
5,3,3,Qubit-onehot,3,79,61
5,3,3,bosonicQAOA,3,51,8
5,3,3,HybridCVDV,3,12,64
5,3,4,Qubit-binary,3,19,98
5,3,4,Qubit-onehot,3,42,12
5,3,4,bosonicQAOA,3,60,79
5,3,4,HybridCVDV,3,9,11
5,3,5,Qubit-binary,3,42,47
5,3,5,Qubit-onehot,3,14,96
5,3,5,bosonicQAOA,3,34,62
5,3,5,HybridCVDV,3,83,8
5,3,6,Qubit-binary,3,6,19
5,3,6,Qubit-onehot,3,24,26
5,3,6,bosonicQAOA,3,90,41
5,3,6,HybridCVDV,3,99,28
5,3,7,Qubit-binary,3,90,54
5,3,7,Qubit-onehot,3,74,32
5,3,7,bosonicQAOA,3,36,8
5,3,7,HybridCVDV,3,81,88
5,3,8,Qubit-binary,3,19,83
5,3,8,Qubit-onehot,3,25,23
5,3,8,bosonicQAOA,3,84,42
5,3,8,HybridCVDV,3,99,86
5,3,9,Qubit-binary,3,18,87
5,3,9,Qubit-onehot,3,47,8
5,3,9,bosonicQAOA,3,64,33
5,3,9,HybridCVDV,3,99,61
5,3,0,Qubit-binary,4,82,54
5,3,0,Qubit-onehot,4,71,65
5,3,0,bosonicQAOA,4,50,5
5,3,0,HybridCVDV,4,87,95
5,3,1,Qubit-binary,4,90,18
5,3,1,Qubit-onehot,4,41,20
5,3,1,bosonicQAOA,4,23,43
5,3,1,HybridCVDV,4,6,6
5,3,2,Qubit-binary,4,98,33
5,3,2,Qubit-onehot,4,63,25
5,3,2,bosonicQAOA,4,74,78
5,3,2,HybridCVDV,4,61,40
5,3,3,Qubit-binary,4,11,36
5,3,3,Qubit-onehot,4,31,81
5,3,3,bosonicQAOA,4,82,99
5,3,3,HybridCVDV,4,56,73
5,3,4,Qubit-binary,4,16,32
5,3,4,Qubit-onehot,4,7,86
5,3,4,bosonicQAOA,4,89,12
5,3,4,HybridCVDV,4,60,91
5,3,5,Qubit-binary,4,18,55
5,3,5,Qubit-onehot,4,70,75
5,3,5,bosonicQAOA,4,19,77
5,3,5,HybridCVDV,4,12,48
5,3,6,Qubit-binary,4,27,78
5,3,6,Qubit-onehot,4,98,37
5,3,6,bosonicQAOA,4,61,98
5,3,6,HybridCVDV,4,82,94
5,3,7,Qubit-binary,4,78,62
5,3,7,Qubit-onehot,4,60,39
5,3,7,bosonicQAOA,4,84,21
5,3,7,HybridCVDV,4,97,46
5,3,8,Qubit-binary,4,73,71
5,3,8,Qubit-onehot,4,21,6
5,3,8,bosonicQAOA,4,17,17
5,3,8,HybridCVDV,4,66,84
5,3,9,Qubit-binary,4,79,32
5,3,9,Qubit-onehot,4,55,28
5,3,9,bosonicQAOA,4,99,72
5,3,9,HybridCVDV,4,25,25
5,3,0,Qubit-binary,5,37,43
5,3,0,Qubit-onehot,5,44,65
5,3,0,bosonicQAOA,5,26,54
5,3,0,HybridCVDV,5,26,93
5,3,1,Qubit-binary,5,79,93
5,3,1,Qubit-onehot,5,28,91
5,3,1,bosonicQAOA,5,7,63
5,3,1,HybridCVDV,5,95,23
5,3,2,Qubit-binary,5,48,81
5,3,2,Qubit-onehot,5,8,96
5,3,2,bosonicQAOA,5,81,90
5,3,2,HybridCVDV,5,72,87
5,3,3,Qubit-binary,5,54,40
5,3,3,Qubit-onehot,5,28,48
5,3,3,bosonicQAOA,5,98,91
5,3,3,HybridCVDV,5,38,71
5,3,4,Qubit-binary,5,62,85
5,3,4,Qubit-onehot,5,17,45
5,3,4,bosonicQAOA,5,89,16
5,3,4,HybridCVDV,5,80,62
5,3,5,Qubit-binary,5,24,60
5,3,5,Qubit-onehot,5,67,93
5,3,5,bosonicQAOA,5,39,57
5,3,5,HybridCVDV,5,66,89
5,3,6,Qubit-binary,5,26,51
5,3,6,Qubit-onehot,5,13,20
5,3,6,bosonicQAOA,5,19,12
5,3,6,HybridCVDV,5,51,65
5,3,7,Qubit-binary,5,46,95
5,3,7,Qubit-onehot,5,97,40
5,3,7,bosonicQAOA,5,48,55
5,3,7,HybridCVDV,5,98,6
5,3,8,Qubit-binary,5,81,74
5,3,8,Qubit-onehot,5,69,13
5,3,8,bosonicQAOA,5,50,67
5,3,8,HybridCVDV,5,69,65
5,3,9,Qubit-binary,5,57,94
5,3,9,Qubit-onehot,5,4,36
5,3,9,bosonicQAOA,5,21,40
5,3,9,HybridCVDV,5,24,48
5,3,0,Qubit-binary,6,36,53
5,3,0,Qubit-onehot,6,23,78
5,3,0,bosonicQAOA,6,76,57
5,3,0,HybridCVDV,6,18,55
5,3,1,Qubit-binary,6,46,24
5,3,1,Qubit-onehot,6,67,54
5,3,1,bosonicQAOA,6,43,10
5,3,1,HybridCVDV,6,92,15
5,3,2,Qubit-binary,6,21,2
5,3,2,Qubit-onehot,6,40,60
5,3,2,bosonicQAOA,6,43,83
5,3,2,HybridCVDV,6,35,62
5,3,3,Qubit-binary,6,74,31
5,3,3,Qubit-onehot,6,59,39
5,3,3,bosonicQAOA,6,96,55
5,3,3,HybridCVDV,6,95,29
5,3,4,Qubit-binary,6,59,42
5,3,4,Qubit-onehot,6,30,22
5,3,4,bosonicQAOA,6,39,11
5,3,4,HybridCVDV,6,34,13
5,3,5,Qubit-binary,6,87,10
5,3,5,Qubit-onehot,6,60,32
5,3,5,bosonicQAOA,6,28,50
5,3,5,HybridCVDV,6,75,41
5,3,6,Qubit-binary,6,52,49
5,3,6,Qubit-onehot,6,8,67
5,3,6,bosonicQAOA,6,84,18
5,3,6,HybridCVDV,6,95,4
5,3,7,Qubit-binary,6,47,15
5,3,7,Qubit-onehot,6,67,91
5,3,7,bosonicQAOA,6,96,23
5,3,7,HybridCVDV,6,82,17
5,3,8,Qubit-binary,6,38,4
5,3,8,Qubit-onehot,6,69,33
5,3,8,bosonicQAOA,6,14,38
5,3,8,HybridCVDV,6,48,91
5,3,9,Qubit-binary,6,75,45
5,3,9,Qubit-onehot,6,35,37
5,3,9,bosonicQAOA,6,86,9
5,3,9,HybridCVDV,6,80,58
5,3,0,Qubit-binary,7,12,60
5,3,0,Qubit-onehot,7,65,72
5,3,0,bosonicQAOA,7,27,33
5,3,0,HybridCVDV,7,71,48
5,3,1,Qubit-binary,7,60,35
5,3,1,Qubit-onehot,7,81,54
5,3,1,bosonicQAOA,7,16,11
5,3,1,HybridCVDV,7,77,64
5,3,2,Qubit-binary,7,46,44
5,3,2,Qubit-onehot,7,16,98
5,3,2,bosonicQAOA,7,92,29
5,3,2,HybridCVDV,7,57,63
5,3,3,Qubit-binary,7,4,95
5,3,3,Qubit-onehot,7,54,42
5,3,3,bosonicQAOA,7,25,69
5,3,3,HybridCVDV,7,45,62
5,3,4,Qubit-binary,7,70,15
5,3,4,Qubit-onehot,7,78,59
5,3,4,bosonicQAOA,7,87,38
5,3,4,HybridCVDV,7,92,94
5,3,5,Qubit-binary,7,97,14
5,3,5,Qubit-onehot,7,76,2
5,3,5,bosonicQAOA,7,52,48
5,3,5,HybridCVDV,7,71,8
5,3,6,Qubit-binary,7,60,99
5,3,6,Qubit-onehot,7,45,4
5,3,6,bosonicQAOA,7,86,14
5,3,6,HybridCVDV,7,96,75
5,3,7,Qubit-binary,7,6,56
5,3,7,Qubit-onehot,7,64,54
5,3,7,bosonicQAOA,7,12,15
5,3,7,HybridCVDV,7,74,11
5,3,8,Qubit-binary,7,83,47
5,3,8,Qubit-onehot,7,88,36
5,3,8,bosonicQAOA,7,96,19
5,3,8,HybridCVDV,7,80,46
5,3,9,Qubit-binary,7,51,52
5,3,9,Qubit-onehot,7,54,95
5,3,9,bosonicQAOA,7,73,46
5,3,9,HybridCVDV,7,37,25
5,3,0,Qubit-binary,8,49,9
5,3,0,Qubit-onehot,8,85,99
5,3,0,bosonicQAOA,8,31,47
5,3,0,HybridCVDV,8,67,13
5,3,1,Qubit-binary,8,60,62
5,3,1,Qubit-onehot,8,56,31
5,3,1,bosonicQAOA,8,52,29
5,3,1,HybridCVDV,8,59,2
5,3,2,Qubit-binary,8,4,26
5,3,2,Qubit-onehot,8,56,62
5,3,2,bosonicQAOA,8,78,81
5,3,2,HybridCVDV,8,27,43
5,3,3,Qubit-binary,8,42,49
5,3,3,Qubit-onehot,8,9,91
5,3,3,bosonicQAOA,8,26,42
5,3,3,HybridCVDV,8,9,20
5,3,4,Qubit-binary,8,57,29
5,3,4,Qubit-onehot,8,18,4
5,3,4,bosonicQAOA,8,65,96
5,3,4,HybridCVDV,8,42,38
5,3,5,Qubit-binary,8,65,90
5,3,5,Qubit-onehot,8,63,12
5,3,5,bosonicQAOA,8,50,15
5,3,5,HybridCVDV,8,96,1
5,3,6,Qubit-binary,8,58,56
5,3,6,Qubit-onehot,8,41,53
5,3,6,bosonicQAOA,8,8,29
5,3,6,HybridCVDV,8,70,75
5,3,7,Qubit-binary,8,15,49
5,3,7,Qubit-onehot,8,19,29
5,3,7,bosonicQAOA,8,71,54
5,3,7,HybridCVDV,8,11,61
5,3,8,Qubit-binary,8,54,18
5,3,8,Qubit-onehot,8,1,13
5,3,8,bosonicQAOA,8,9,98
5,3,8,HybridCVDV,8,81,95
5,3,9,Qubit-binary,8,94,43
5,3,9,Qubit-onehot,8,20,96
5,3,9,bosonicQAOA,8,13,78
5,3,9,HybridCVDV,8,12,8
5,3,0,Qubit-binary,9,83,49
5,3,0,Qubit-onehot,9,49,1
5,3,0,bosonicQAOA,9,62,34
5,3,0,HybridCVDV,9,94,23
5,3,1,Qubit-binary,9,1,82
5,3,1,Qubit-onehot,9,54,24
5,3,1,bosonicQAOA,9,22,25
5,3,1,HybridCVDV,9,47,10
5,3,2,Qubit-binary,9,72,40
5,3,2,Qubit-onehot,9,31,3
5,3,2,bosonicQAOA,9,33,2
5,3,2,HybridCVDV,9,30,76
5,3,3,Qubit-binary,9,83,54
5,3,3,Qubit-onehot,9,70,48
5,3,3,bosonicQAOA,9,25,50
5,3,3,HybridCVDV,9,96,38
5,3,4,Qubit-binary,9,36,26
5,3,4,Qubit-onehot,9,73,5
5,3,4,bosonicQAOA,9,77,47
5,3,4,HybridCVDV,9,41,81
5,3,5,Qubit-binary,9,22,11
5,3,5,Qubit-onehot,9,40,43
5,3,5,bosonicQAOA,9,55,59
5,3,5,HybridCVDV,9,9,5
5,3,6,Qubit-binary,9,1,83
5,3,6,Qubit-onehot,9,80,38
5,3,6,bosonicQAOA,9,67,2
5,3,6,HybridCVDV,9,81,38
5,3,7,Qubit-binary,9,39,54
5,3,7,Qubit-onehot,9,43,84
5,3,7,bosonicQAOA,9,31,46
5,3,7,HybridCVDV,9,81,1
5,3,8,Qubit-binary,9,68,97
5,3,8,Qubit-onehot,9,67,44
5,3,8,bosonicQAOA,9,8,91
5,3,8,HybridCVDV,9,93,32
5,3,9,Qubit-binary,9,59,26
5,3,9,Qubit-onehot,9,84,51
5,3,9,bosonicQAOA,9,47,85
5,3,9,HybridCVDV,9,56,77
6,3,0,Qubit-binary,1,25,95
6,3,0,Qubit-onehot,1,64,91
6,3,0,bosonicQAOA,1,1,57
6,3,0,HybridCVDV,1,36,43
6,3,1,Qubit-binary,1,29,2
6,3,1,Qubit-onehot,1,46,50
6,3,1,bosonicQAOA,1,12,82
6,3,1,HybridCVDV,1,74,45
6,3,2,Qubit-binary,1,72,25
6,3,2,Qubit-onehot,1,35,30
6,3,2,bosonicQAOA,1,65,72
6,3,2,HybridCVDV,1,21,1
6,3,3,Qubit-binary,1,45,35
6,3,3,Qubit-onehot,1,39,99
6,3,3,bosonicQAOA,1,65,2
6,3,3,HybridCVDV,1,98,99
6,3,4,Qubit-binary,1,23,1
6,3,4,Qubit-onehot,1,80,5
6,3,4,bosonicQAOA,1,38,16
6,3,4,HybridCVDV,1,50,24
6,3,5,Qubit-binary,1,21,34
6,3,5,Qubit-onehot,1,63,61
6,3,5,bosonicQAOA,1,87,18
6,3,5,HybridCVDV,1,42,22
6,3,6,Qubit-binary,1,8,68
6,3,6,Qubit-onehot,1,30,37
6,3,6,bosonicQAOA,1,52,47
6,3,6,HybridCVDV,1,85,77
6,3,7,Qubit-binary,1,66,34
6,3,7,Qubit-onehot,1,60,76
6,3,7,bosonicQAOA,1,24,50
6,3,7,HybridCVDV,1,26,23
6,3,8,Qubit-binary,1,60,31
6,3,8,Qubit-onehot,1,11,91
6,3,8,bosonicQAOA,1,82,2
6,3,8,HybridCVDV,1,46,71
6,3,9,Qubit-binary,1,18,29
6,3,9,Qubit-onehot,1,27,35
6,3,9,bosonicQAOA,1,83,65
6,3,9,HybridCVDV,1,99,88
6,3,0,Qubit-binary,2,84,61
6,3,0,Qubit-onehot,2,10,64
6,3,0,bosonicQAOA,2,10,69
6,3,0,HybridCVDV,2,45,64
6,3,1,Qubit-binary,2,25,17
6,3,1,Qubit-onehot,2,39,14
6,3,1,bosonicQAOA,2,76,26
6,3,1,HybridCVDV,2,45,3
6,3,2,Qubit-binary,2,39,68
6,3,2,Qubit-onehot,2,15,44
6,3,2,bosonicQAOA,2,44,37
6,3,2,HybridCVDV,2,54,59
6,3,3,Qubit-binary,2,34,84
6,3,3,Qubit-onehot,2,16,91
6,3,3,bosonicQAOA,2,66,54
6,3,3,HybridCVDV,2,18,28
6,3,4,Qubit-binary,2,40,26
6,3,4,Qubit-onehot,2,83,95
6,3,4,bosonicQAOA,2,90,59
6,3,4,HybridCVDV,2,7,54
6,3,5,Qubit-binary,2,88,61
6,3,5,Qubit-onehot,2,49,10
6,3,5,bosonicQAOA,2,42,64
6,3,5,HybridCVDV,2,58,55
6,3,6,Qubit-binary,2,45,28
6,3,6,Qubit-onehot,2,66,59
6,3,6,bosonicQAOA,2,35,47
6,3,6,HybridCVDV,2,57,91
6,3,7,Qubit-binary,2,44,36
6,3,7,Qubit-onehot,2,38,31
6,3,7,bosonicQAOA,2,89,57
6,3,7,HybridCVDV,2,95,4
6,3,8,Qubit-binary,2,75,46
6,3,8,Qubit-onehot,2,41,95
6,3,8,bosonicQAOA,2,11,62
6,3,8,HybridCVDV,2,74,36
6,3,9,Qubit-binary,2,91,50
6,3,9,Qubit-onehot,2,75,73
6,3,9,bosonicQAOA,2,5,58
6,3,9,HybridCVDV,2,81,44
6,3,0,Qubit-binary,3,31,44
6,3,0,Qubit-onehot,3,69,82
6,3,0,bosonicQAOA,3,75,39
6,3,0,HybridCVDV,3,47,2
6,3,1,Qubit-binary,3,56,19
6,3,1,Qubit-onehot,3,31,6
6,3,1,bosonicQAOA,3,38,68
6,3,1,HybridCVDV,3,94,76
6,3,2,Qubit-binary,3,44,48
6,3,2,Qubit-onehot,3,59,17
6,3,2,bosonicQAOA,3,62,54
6,3,2,HybridCVDV,3,63,48
6,3,3,Qubit-binary,3,59,98
6,3,3,Qubit-onehot,3,54,65
6,3,3,bosonicQAOA,3,9,44
6,3,3,HybridCVDV,3,33,88
6,3,4,Qubit-binary,3,39,41
6,3,4,Qubit-onehot,3,24,4
6,3,4,bosonicQAOA,3,67,36
6,3,4,HybridCVDV,3,70,11
6,3,5,Qubit-binary,3,1,61
6,3,5,Qubit-onehot,3,9,75
6,3,5,bosonicQAOA,3,66,47
6,3,5,HybridCVDV,3,6,33
6,3,6,Qubit-binary,3,67,78
6,3,6,Qubit-onehot,3,28,56
6,3,6,bosonicQAOA,3,48,80
6,3,6,HybridCVDV,3,7,73
6,3,7,Qubit-binary,3,80,99
6,3,7,Qubit-onehot,3,13,64
6,3,7,bosonicQAOA,3,46,19
6,3,7,HybridCVDV,3,60,19
6,3,8,Qubit-binary,3,24,75
6,3,8,Qubit-onehot,3,23,7
6,3,8,bosonicQAOA,3,53,38
6,3,8,HybridCVDV,3,99,9
6,3,9,Qubit-binary,3,13,51
6,3,9,Qubit-onehot,3,61,95
6,3,9,bosonicQAOA,3,16,70
6,3,9,HybridCVDV,3,70,34
6,3,0,Qubit-binary,4,73,90
6,3,0,Qubit-onehot,4,3,40
6,3,0,bosonicQAOA,4,13,51
6,3,0,HybridCVDV,4,88,85
6,3,1,Qubit-binary,4,61,82
6,3,1,Qubit-onehot,4,61,65
6,3,1,bosonicQAOA,4,67,26
6,3,1,HybridCVDV,4,19,66
6,3,2,Qubit-binary,4,51,68
6,3,2,Qubit-onehot,4,89,6
6,3,2,bosonicQAOA,4,57,36
6,3,2,HybridCVDV,4,31,48
6,3,3,Qubit-binary,4,35,48
6,3,3,Qubit-onehot,4,3,3
6,3,3,bosonicQAOA,4,93,90
6,3,3,HybridCVDV,4,23,48
6,3,4,Qubit-binary,4,13,85
6,3,4,Qubit-onehot,4,66,13
6,3,4,bosonicQAOA,4,62,40
6,3,4,HybridCVDV,4,16,90
6,3,5,Qubit-binary,4,3,14
6,3,5,Qubit-onehot,4,85,45
6,3,5,bosonicQAOA,4,69,10
6,3,5,HybridCVDV,4,22,42
6,3,6,Qubit-binary,4,26,1
6,3,6,Qubit-onehot,4,2,80
6,3,6,bosonicQAOA,4,59,15
6,3,6,HybridCVDV,4,73,7
6,3,7,Qubit-binary,4,23,52
6,3,7,Qubit-onehot,4,6,64
6,3,7,bosonicQAOA,4,90,31
6,3,7,HybridCVDV,4,21,78
6,3,8,Qubit-binary,4,64,52
6,3,8,Qubit-onehot,4,74,78
6,3,8,bosonicQAOA,4,98,28
6,3,8,HybridCVDV,4,61,41
6,3,9,Qubit-binary,4,85,94
6,3,9,Qubit-onehot,4,97,19
6,3,9,bosonicQAOA,4,42,1
6,3,9,HybridCVDV,4,83,16
6,3,0,Qubit-binary,5,78,77
6,3,0,Qubit-onehot,5,44,51
6,3,0,bosonicQAOA,5,57,86
6,3,0,HybridCVDV,5,1,49
6,3,1,Qubit-binary,5,62,8
6,3,1,Qubit-onehot,5,11,99
6,3,1,bosonicQAOA,5,38,97
6,3,1,HybridCVDV,5,45,32
6,3,2,Qubit-binary,5,23,14
6,3,2,Qubit-onehot,5,20,28
6,3,2,bosonicQAOA,5,20,74
6,3,2,HybridCVDV,5,77,63
6,3,3,Qubit-binary,5,95,36
6,3,3,Qubit-onehot,5,40,6
6,3,3,bosonicQAOA,5,66,19
6,3,3,HybridCVDV,5,29,57
6,3,4,Qubit-binary,5,49,91
6,3,4,Qubit-onehot,5,28,27
6,3,4,bosonicQAOA,5,22,22
6,3,4,HybridCVDV,5,99,26
6,3,5,Qubit-binary,5,82,7
6,3,5,Qubit-onehot,5,74,30
6,3,5,bosonicQAOA,5,36,45
6,3,5,HybridCVDV,5,75,34
6,3,6,Qubit-binary,5,27,19
6,3,6,Qubit-onehot,5,84,21
6,3,6,bosonicQAOA,5,25,55
6,3,6,HybridCVDV,5,73,77
6,3,7,Qubit-binary,5,60,17
6,3,7,Qubit-onehot,5,76,16
6,3,7,bosonicQAOA,5,75,99
6,3,7,HybridCVDV,5,78,7
6,3,8,Qubit-binary,5,99,43
6,3,8,Qubit-onehot,5,5,7
6,3,8,bosonicQAOA,5,85,80
6,3,8,HybridCVDV,5,65,85
6,3,9,Qubit-binary,5,96,52
6,3,9,Qubit-onehot,5,46,17
6,3,9,bosonicQAOA,5,20,69
6,3,9,HybridCVDV,5,8,45
6,3,0,Qubit-binary,6,16,13
6,3,0,Qubit-onehot,6,58,54
6,3,0,bosonicQAOA,6,68,60
6,3,0,HybridCVDV,6,46,42
6,3,1,Qubit-binary,6,47,98
6,3,1,Qubit-onehot,6,16,26
6,3,1,bosonicQAOA,6,94,40
6,3,1,HybridCVDV,6,99,83
6,3,2,Qubit-binary,6,66,69
6,3,2,Qubit-onehot,6,93,87
6,3,2,bosonicQAOA,6,59,97
6,3,2,HybridCVDV,6,44,25
6,3,3,Qubit-binary,6,86,40
6,3,3,Qubit-onehot,6,2,11
6,3,3,bosonicQAOA,6,22,74
6,3,3,HybridCVDV,6,18,25
6,3,4,Qubit-binary,6,97,55
6,3,4,Qubit-onehot,6,55,2
6,3,4,bosonicQAOA,6,39,34
6,3,4,HybridCVDV,6,45,76
6,3,5,Qubit-binary,6,74,20
6,3,5,Qubit-onehot,6,68,43
6,3,5,bosonicQAOA,6,17,99
6,3,5,HybridCVDV,6,8,36
6,3,6,Qubit-binary,6,83,73
6,3,6,Qubit-onehot,6,74,64
6,3,6,bosonicQAOA,6,59,21
6,3,6,HybridCVDV,6,47,30
6,3,7,Qubit-binary,6,71,48
6,3,7,Qubit-onehot,6,48,1
6,3,7,bosonicQAOA,6,16,8
6,3,7,HybridCVDV,6,60,39
6,3,8,Qubit-binary,6,73,33
6,3,8,Qubit-onehot,6,1,24
6,3,8,bosonicQAOA,6,81,23
6,3,8,HybridCVDV,6,79,77
6,3,9,Qubit-binary,6,34,89
6,3,9,Qubit-onehot,6,1,63
6,3,9,bosonicQAOA,6,47,69
6,3,9,HybridCVDV,6,36,56
6,3,0,Qubit-binary,7,21,19
6,3,0,Qubit-onehot,7,76,82
6,3,0,bosonicQAOA,7,76,74
6,3,0,HybridCVDV,7,59,41
6,3,1,Qubit-binary,7,82,36
6,3,1,Qubit-onehot,7,16,81
6,3,1,bosonicQAOA,7,86,98
6,3,1,HybridCVDV,7,90,11
6,3,2,Qubit-binary,7,32,81
6,3,2,Qubit-onehot,7,32,49
6,3,2,bosonicQAOA,7,56,93
6,3,2,HybridCVDV,7,81,13
6,3,3,Qubit-binary,7,64,16
6,3,3,Qubit-onehot,7,34,14
6,3,3,bosonicQAOA,7,58,16
6,3,3,HybridCVDV,7,43,53
6,3,4,Qubit-binary,7,90,62
6,3,4,Qubit-onehot,7,57,43
6,3,4,bosonicQAOA,7,31,63
6,3,4,HybridCVDV,7,32,85
6,3,5,Qubit-binary,7,26,32
6,3,5,Qubit-onehot,7,36,72
6,3,5,bosonicQAOA,7,95,60
6,3,5,HybridCVDV,7,39,17
6,3,6,Qubit-binary,7,15,37
6,3,6,Qubit-onehot,7,24,59
6,3,6,bosonicQAOA,7,24,66
6,3,6,HybridCVDV,7,57,54
6,3,7,Qubit-binary,7,77,40
6,3,7,Qubit-onehot,7,15,8
6,3,7,bosonicQAOA,7,85,35
6,3,7,HybridCVDV,7,54,54
6,3,8,Qubit-binary,7,93,56
6,3,8,Qubit-onehot,7,10,8
6,3,8,bosonicQAOA,7,56,42
6,3,8,HybridCVDV,7,2,34
6,3,9,Qubit-binary,7,40,12
6,3,9,Qubit-onehot,7,1,63
6,3,9,bosonicQAOA,7,41,9
6,3,9,HybridCVDV,7,99,10
6,3,0,Qubit-binary,8,76,41
6,3,0,Qubit-onehot,8,62,16
6,3,0,bosonicQAOA,8,71,18
6,3,0,HybridCVDV,8,60,5
6,3,1,Qubit-binary,8,4,35
6,3,1,Qubit-onehot,8,92,7
6,3,1,bosonicQAOA,8,67,9
6,3,1,HybridCVDV,8,13,31
6,3,2,Qubit-binary,8,5,78
6,3,2,Qubit-onehot,8,64,60
6,3,2,bosonicQAOA,8,2,48
6,3,2,HybridCVDV,8,9,97
6,3,3,Qubit-binary,8,90,18
6,3,3,Qubit-onehot,8,60,44
6,3,3,bosonicQAOA,8,41,24
6,3,3,HybridCVDV,8,77,75
6,3,4,Qubit-binary,8,19,20
6,3,4,Qubit-onehot,8,2,78
6,3,4,bosonicQAOA,8,73,24
6,3,4,HybridCVDV,8,10,1
6,3,5,Qubit-binary,8,50,95
6,3,5,Qubit-onehot,8,43,13
6,3,5,bosonicQAOA,8,6,36
6,3,5,HybridCVDV,8,52,19
6,3,6,Qubit-binary,8,8,93
6,3,6,Qubit-onehot,8,86,51
6,3,6,bosonicQAOA,8,6,67
6,3,6,HybridCVDV,8,42,60
6,3,7,Qubit-binary,8,34,41
6,3,7,Qubit-onehot,8,67,41
6,3,7,bosonicQAOA,8,71,5
6,3,7,HybridCVDV,8,56,12
6,3,8,Qubit-binary,8,37,50
6,3,8,Qubit-onehot,8,92,24
6,3,8,bosonicQAOA,8,85,66
6,3,8,HybridCVDV,8,47,76
6,3,9,Qubit-binary,8,27,56
6,3,9,Qubit-onehot,8,63,18
6,3,9,bosonicQAOA,8,30,93
6,3,9,HybridCVDV,8,78,37
6,3,0,Qubit-binary,9,33,30
6,3,0,Qubit-onehot,9,72,35
6,3,0,bosonicQAOA,9,60,73
6,3,0,HybridCVDV,9,67,95
6,3,1,Qubit-binary,9,84,72
6,3,1,Qubit-onehot,9,17,6
6,3,1,bosonicQAOA,9,4,59
6,3,1,HybridCVDV,9,84,3
6,3,2,Qubit-binary,9,16,77
6,3,2,Qubit-onehot,9,91,62
6,3,2,bosonicQAOA,9,89,73
6,3,2,HybridCVDV,9,71,74
6,3,3,Qubit-binary,9,63,32
6,3,3,Qubit-onehot,9,17,96
6,3,3,bosonicQAOA,9,80,63
6,3,3,HybridCVDV,9,83,91
6,3,4,Qubit-binary,9,49,12
6,3,4,Qubit-onehot,9,57,60
6,3,4,bosonicQAOA,9,4,45
6,3,4,HybridCVDV,9,29,91
6,3,5,Qubit-binary,9,59,94
6,3,5,Qubit-onehot,9,85,37
6,3,5,bosonicQAOA,9,78,43
6,3,5,HybridCVDV,9,2,8
6,3,6,Qubit-binary,9,61,72
6,3,6,Qubit-onehot,9,7,82
6,3,6,bosonicQAOA,9,38,40
6,3,6,HybridCVDV,9,19,99
6,3,7,Qubit-binary,9,94,80
6,3,7,Qubit-onehot,9,96,61
6,3,7,bosonicQAOA,9,11,51
6,3,7,HybridCVDV,9,80,53
6,3,8,Qubit-binary,9,27,54
6,3,8,Qubit-onehot,9,90,1
6,3,8,bosonicQAOA,9,50,5
6,3,8,HybridCVDV,9,14,59
6,3,9,Qubit-binary,9,5,12
6,3,9,Qubit-onehot,9,19,36
6,3,9,bosonicQAOA,9,82,41
6,3,9,HybridCVDV,9,98,27
7,3,0,Qubit-binary,1,95,68
7,3,0,Qubit-onehot,1,54,20
7,3,0,bosonicQAOA,1,87,37
7,3,0,HybridCVDV,1,47,53
7,3,1,Qubit-binary,1,59,20
7,3,1,Qubit-onehot,1,12,45
7,3,1,bosonicQAOA,1,48,51
7,3,1,HybridCVDV,1,37,6
7,3,2,Qubit-binary,1,58,88
7,3,2,Qubit-onehot,1,50,88
7,3,2,bosonicQAOA,1,72,34
7,3,2,HybridCVDV,1,30,36
7,3,3,Qubit-binary,1,76,93
7,3,3,Qubit-onehot,1,96,86
7,3,3,bosonicQAOA,1,73,4
7,3,3,HybridCVDV,1,54,38
7,3,4,Qubit-binary,1,56,68
7,3,4,Qubit-onehot,1,87,94
7,3,4,bosonicQAOA,1,21,49
7,3,4,HybridCVDV,1,97,57
7,3,5,Qubit-binary,1,54,62
7,3,5,Qubit-onehot,1,74,8
7,3,5,bosonicQAOA,1,90,40
7,3,5,HybridCVDV,1,46,35
7,3,6,Qubit-binary,1,41,27
7,3,6,Qubit-onehot,1,26,58
7,3,6,bosonicQAOA,1,65,64
7,3,6,HybridCVDV,1,73,29
7,3,7,Qubit-binary,1,45,45
7,3,7,Qubit-onehot,1,29,77
7,3,7,bosonicQAOA,1,23,46
7,3,7,HybridCVDV,1,76,29
7,3,8,Qubit-binary,1,63,36
7,3,8,Qubit-onehot,1,54,70
7,3,8,bosonicQAOA,1,53,34
7,3,8,HybridCVDV,1,12,60
7,3,9,Qubit-binary,1,40,78
7,3,9,Qubit-onehot,1,1,60
7,3,9,bosonicQAOA,1,5,10
7,3,9,HybridCVDV,1,4,32
7,3,0,Qubit-binary,2,44,91
7,3,0,Qubit-onehot,2,80,52
7,3,0,bosonicQAOA,2,7,24
7,3,0,HybridCVDV,2,44,65
7,3,1,Qubit-binary,2,34,81
7,3,1,Qubit-onehot,2,40,79
7,3,1,bosonicQAOA,2,85,88
7,3,1,HybridCVDV,2,94,24
7,3,2,Qubit-binary,2,82,25
7,3,2,Qubit-onehot,2,13,88
7,3,2,bosonicQAOA,2,93,1
7,3,2,HybridCVDV,2,59,15
7,3,3,Qubit-binary,2,44,88
7,3,3,Qubit-onehot,2,87,95
7,3,3,bosonicQAOA,2,15,12
7,3,3,HybridCVDV,2,52,97
7,3,4,Qubit-binary,2,76,82
7,3,4,Qubit-onehot,2,78,54
7,3,4,bosonicQAOA,2,35,64
7,3,4,HybridCVDV,2,49,62
7,3,5,Qubit-binary,2,23,70
7,3,5,Qubit-onehot,2,61,39
7,3,5,bosonicQAOA,2,7,97
7,3,5,HybridCVDV,2,94,45
7,3,6,Qubit-binary,2,70,86
7,3,6,Qubit-onehot,2,64,68
7,3,6,bosonicQAOA,2,23,79
7,3,6,HybridCVDV,2,93,16
7,3,7,Qubit-binary,2,64,19
7,3,7,Qubit-onehot,2,35,98
7,3,7,bosonicQAOA,2,42,22
7,3,7,HybridCVDV,2,6,59
7,3,8,Qubit-binary,2,47,23
7,3,8,Qubit-onehot,2,22,72
7,3,8,bosonicQAOA,2,28,61
7,3,8,HybridCVDV,2,4,54
7,3,9,Qubit-binary,2,52,92
7,3,9,Qubit-onehot,2,33,87
7,3,9,bosonicQAOA,2,27,87
7,3,9,HybridCVDV,2,17,33
7,3,0,Qubit-binary,3,10,41
7,3,0,Qubit-onehot,3,9,3
7,3,0,bosonicQAOA,3,13,43
7,3,0,HybridCVDV,3,24,83
7,3,1,Qubit-binary,3,68,95
7,3,1,Qubit-onehot,3,87,62
7,3,1,bosonicQAOA,3,83,68
7,3,1,HybridCVDV,3,51,16
7,3,2,Qubit-binary,3,15,22
7,3,2,Qubit-onehot,3,58,33
7,3,2,bosonicQAOA,3,58,6
7,3,2,HybridCVDV,3,93,16
7,3,3,Qubit-binary,3,54,26
7,3,3,Qubit-onehot,3,55,80
7,3,3,bosonicQAOA,3,41,88
7,3,3,HybridCVDV,3,2,33
7,3,4,Qubit-binary,3,85,87
7,3,4,Qubit-onehot,3,27,91
7,3,4,bosonicQAOA,3,64,88
7,3,4,HybridCVDV,3,62,10
7,3,5,Qubit-binary,3,27,18
7,3,5,Qubit-onehot,3,61,43
7,3,5,bosonicQAOA,3,67,25
7,3,5,HybridCVDV,3,69,52
7,3,6,Qubit-binary,3,81,86
7,3,6,Qubit-onehot,3,5,44
7,3,6,bosonicQAOA,3,67,90
7,3,6,HybridCVDV,3,36,71
7,3,7,Qubit-binary,3,28,76
7,3,7,Qubit-onehot,3,24,1
7,3,7,bosonicQAOA,3,71,31
7,3,7,HybridCVDV,3,17,64
7,3,8,Qubit-binary,3,78,83
7,3,8,Qubit-onehot,3,62,84
7,3,8,bosonicQAOA,3,24,65
7,3,8,HybridCVDV,3,97,67
7,3,9,Qubit-binary,3,69,91
7,3,9,Qubit-onehot,3,57,32
7,3,9,bosonicQAOA,3,76,76
7,3,9,HybridCVDV,3,83,4
7,3,0,Qubit-binary,4,69,11
7,3,0,Qubit-onehot,4,48,4
7,3,0,bosonicQAOA,4,24,54
7,3,0,HybridCVDV,4,89,66
7,3,1,Qubit-binary,4,75,94
7,3,1,Qubit-onehot,4,86,53
7,3,1,bosonicQAOA,4,77,6
7,3,1,HybridCVDV,4,26,69
7,3,2,Qubit-binary,4,97,25
7,3,2,Qubit-onehot,4,20,22
7,3,2,bosonicQAOA,4,3,52
7,3,2,HybridCVDV,4,91,27
7,3,3,Qubit-binary,4,21,23
7,3,3,Qubit-onehot,4,11,75
7,3,3,bosonicQAOA,4,42,48
7,3,3,HybridCVDV,4,16,16
7,3,4,Qubit-binary,4,75,16
7,3,4,Qubit-onehot,4,51,40
7,3,4,bosonicQAOA,4,79,49
7,3,4,HybridCVDV,4,48,67
7,3,5,Qubit-binary,4,6,89
7,3,5,Qubit-onehot,4,61,5
7,3,5,bosonicQAOA,4,77,68
7,3,5,HybridCVDV,4,92,3
7,3,6,Qubit-binary,4,46,41
7,3,6,Qubit-onehot,4,72,14
7,3,6,bosonicQAOA,4,14,93
7,3,6,HybridCVDV,4,14,15
7,3,7,Qubit-binary,4,25,5
7,3,7,Qubit-onehot,4,13,31
7,3,7,bosonicQAOA,4,36,27
7,3,7,HybridCVDV,4,89,67
7,3,8,Qubit-binary,4,65,2
7,3,8,Qubit-onehot,4,55,47
7,3,8,bosonicQAOA,4,84,62
7,3,8,HybridCVDV,4,88,94
7,3,9,Qubit-binary,4,73,6
7,3,9,Qubit-onehot,4,7,61
7,3,9,bosonicQAOA,4,85,19
7,3,9,HybridCVDV,4,93,42
7,3,0,Qubit-binary,5,69,28
7,3,0,Qubit-onehot,5,27,99
7,3,0,bosonicQAOA,5,23,26
7,3,0,HybridCVDV,5,89,97
7,3,1,Qubit-binary,5,91,9
7,3,1,Qubit-onehot,5,6,78
7,3,1,bosonicQAOA,5,68,5
7,3,1,HybridCVDV,5,53,54
7,3,2,Qubit-binary,5,12,46
7,3,2,Qubit-onehot,5,6,99
7,3,2,bosonicQAOA,5,28,71
7,3,2,HybridCVDV,5,17,74
7,3,3,Qubit-binary,5,29,66
7,3,3,Qubit-onehot,5,60,69
7,3,3,bosonicQAOA,5,82,15
7,3,3,HybridCVDV,5,9,67
7,3,4,Qubit-binary,5,39,6
7,3,4,Qubit-onehot,5,29,87
7,3,4,bosonicQAOA,5,67,28
7,3,4,HybridCVDV,5,49,54
7,3,5,Qubit-binary,5,13,46
7,3,5,Qubit-onehot,5,37,16
7,3,5,bosonicQAOA,5,91,38
7,3,5,HybridCVDV,5,99,74
7,3,6,Qubit-binary,5,66,9
7,3,6,Qubit-onehot,5,51,72
7,3,6,bosonicQAOA,5,96,76
7,3,6,HybridCVDV,5,32,42
7,3,7,Qubit-binary,5,80,18
7,3,7,Qubit-onehot,5,50,63
7,3,7,bosonicQAOA,5,3,68
7,3,7,HybridCVDV,5,10,85
7,3,8,Qubit-binary,5,80,75
7,3,8,Qubit-onehot,5,84,46
7,3,8,bosonicQAOA,5,7,54
7,3,8,HybridCVDV,5,63,59
7,3,9,Qubit-binary,5,78,66
7,3,9,Qubit-onehot,5,95,13
7,3,9,bosonicQAOA,5,77,10
7,3,9,HybridCVDV,5,69,61
7,3,0,Qubit-binary,6,65,54
7,3,0,Qubit-onehot,6,18,71
7,3,0,bosonicQAOA,6,69,18
7,3,0,HybridCVDV,6,44,79
7,3,1,Qubit-binary,6,54,26
7,3,1,Qubit-onehot,6,98,39
7,3,1,bosonicQAOA,6,70,18
7,3,1,HybridCVDV,6,80,53
7,3,2,Qubit-binary,6,88,76
7,3,2,Qubit-onehot,6,65,52
7,3,2,bosonicQAOA,6,40,56
7,3,2,HybridCVDV,6,49,56
7,3,3,Qubit-binary,6,94,43
7,3,3,Qubit-onehot,6,27,66
7,3,3,bosonicQAOA,6,32,43
7,3,3,HybridCVDV,6,35,56
7,3,4,Qubit-binary,6,94,12
7,3,4,Qubit-onehot,6,64,1
7,3,4,bosonicQAOA,6,47,97
7,3,4,HybridCVDV,6,78,41
7,3,5,Qubit-binary,6,44,2
7,3,5,Qubit-onehot,6,2,34
7,3,5,bosonicQAOA,6,63,44
7,3,5,HybridCVDV,6,7,1
7,3,6,Qubit-binary,6,36,88
7,3,6,Qubit-onehot,6,44,98
7,3,6,bosonicQAOA,6,67,56
7,3,6,HybridCVDV,6,25,64
7,3,7,Qubit-binary,6,52,99
7,3,7,Qubit-onehot,6,50,18
7,3,7,bosonicQAOA,6,24,20
7,3,7,HybridCVDV,6,88,14
7,3,8,Qubit-binary,6,78,6
7,3,8,Qubit-onehot,6,94,94
7,3,8,bosonicQAOA,6,27,30
7,3,8,HybridCVDV,6,79,84
7,3,9,Qubit-binary,6,51,60
7,3,9,Qubit-onehot,6,92,52
7,3,9,bosonicQAOA,6,33,87
7,3,9,HybridCVDV,6,46,77
7,3,0,Qubit-binary,7,1,74
7,3,0,Qubit-onehot,7,7,83
7,3,0,bosonicQAOA,7,80,62
7,3,0,HybridCVDV,7,87,58
7,3,1,Qubit-binary,7,39,15
7,3,1,Qubit-onehot,7,97,27
7,3,1,bosonicQAOA,7,4,19
7,3,1,HybridCVDV,7,91,79
7,3,2,Qubit-binary,7,87,66
7,3,2,Qubit-onehot,7,17,48
7,3,2,bosonicQAOA,7,49,11
7,3,2,HybridCVDV,7,80,10
7,3,3,Qubit-binary,7,64,59
7,3,3,Qubit-onehot,7,89,9
7,3,3,bosonicQAOA,7,23,16
7,3,3,HybridCVDV,7,78,30
7,3,4,Qubit-binary,7,48,99
7,3,4,Qubit-onehot,7,98,87
7,3,4,bosonicQAOA,7,13,6
7,3,4,HybridCVDV,7,21,74
7,3,5,Qubit-binary,7,64,3
7,3,5,Qubit-onehot,7,93,85
7,3,5,bosonicQAOA,7,42,53
7,3,5,HybridCVDV,7,59,53
7,3,6,Qubit-binary,7,65,66
7,3,6,Qubit-onehot,7,28,89
7,3,6,bosonicQAOA,7,96,13
7,3,6,HybridCVDV,7,43,69
7,3,7,Qubit-binary,7,2,7
7,3,7,Qubit-onehot,7,70,87
7,3,7,bosonicQAOA,7,73,91
7,3,7,HybridCVDV,7,27,25
7,3,8,Qubit-binary,7,49,96
7,3,8,Qubit-onehot,7,55,76
7,3,8,bosonicQAOA,7,69,9
7,3,8,HybridCVDV,7,92,83
7,3,9,Qubit-binary,7,42,57
7,3,9,Qubit-onehot,7,91,71
7,3,9,bosonicQAOA,7,99,16
7,3,9,HybridCVDV,7,65,39
7,3,0,Qubit-binary,8,90,10
7,3,0,Qubit-onehot,8,59,51
7,3,0,bosonicQAOA,8,1,56
7,3,0,HybridCVDV,8,31,75
7,3,1,Qubit-binary,8,84,22
7,3,1,Qubit-onehot,8,6,20
7,3,1,bosonicQAOA,8,20,69
7,3,1,HybridCVDV,8,28,89
7,3,2,Qubit-binary,8,58,91
7,3,2,Qubit-onehot,8,94,24
7,3,2,bosonicQAOA,8,33,98
7,3,2,HybridCVDV,8,19,47
7,3,3,Qubit-binary,8,93,2
7,3,3,Qubit-onehot,8,86,19
7,3,3,bosonicQAOA,8,47,11
7,3,3,HybridCVDV,8,56,38
7,3,4,Qubit-binary,8,17,68
7,3,4,Qubit-onehot,8,98,22
7,3,4,bosonicQAOA,8,4,60
7,3,4,HybridCVDV,8,8,15
7,3,5,Qubit-binary,8,14,84
7,3,5,Qubit-onehot,8,89,34
7,3,5,bosonicQAOA,8,4,2
7,3,5,HybridCVDV,8,17,8
7,3,6,Qubit-binary,8,47,15
7,3,6,Qubit-onehot,8,32,22
7,3,6,bosonicQAOA,8,69,10
7,3,6,HybridCVDV,8,20,31
7,3,7,Qubit-binary,8,65,10
7,3,7,Qubit-onehot,8,81,69
7,3,7,bosonicQAOA,8,89,54
7,3,7,HybridCVDV,8,53,90
7,3,8,Qubit-binary,8,80,44
7,3,8,Qubit-onehot,8,99,98
7,3,8,bosonicQAOA,8,50,36
7,3,8,HybridCVDV,8,62,52
7,3,9,Qubit-binary,8,12,84
7,3,9,Qubit-onehot,8,10,19
7,3,9,bosonicQAOA,8,62,22
7,3,9,HybridCVDV,8,58,46
7,3,0,Qubit-binary,9,21,78
7,3,0,Qubit-onehot,9,58,28
7,3,0,bosonicQAOA,9,42,92
7,3,0,HybridCVDV,9,59,46
7,3,1,Qubit-binary,9,60,40
7,3,1,Qubit-onehot,9,92,99
7,3,1,bosonicQAOA,9,10,20
7,3,1,HybridCVDV,9,33,32
7,3,2,Qubit-binary,9,73,61
7,3,2,Qubit-onehot,9,1,82
7,3,2,bosonicQAOA,9,70,36
7,3,2,HybridCVDV,9,68,96
7,3,3,Qubit-binary,9,56,27
7,3,3,Qubit-onehot,9,93,98
7,3,3,bosonicQAOA,9,58,12
7,3,3,HybridCVDV,9,57,47
7,3,4,Qubit-binary,9,34,25
7,3,4,Qubit-onehot,9,99,85
7,3,4,bosonicQAOA,9,84,54
7,3,4,HybridCVDV,9,36,19
7,3,5,Qubit-binary,9,68,80
7,3,5,Qubit-onehot,9,52,7
7,3,5,bosonicQAOA,9,21,42
7,3,5,HybridCVDV,9,82,23
7,3,6,Qubit-binary,9,76,58
7,3,6,Qubit-onehot,9,77,66
7,3,6,bosonicQAOA,9,80,71
7,3,6,HybridCVDV,9,53,54
7,3,7,Qubit-binary,9,96,43
7,3,7,Qubit-onehot,9,15,7
7,3,7,bosonicQAOA,9,69,3
7,3,7,HybridCVDV,9,78,13
7,3,8,Qubit-binary,9,73,23
7,3,8,Qubit-onehot,9,35,92
7,3,8,bosonicQAOA,9,14,2
7,3,8,HybridCVDV,9,67,38
7,3,9,Qubit-binary,9,92,34
7,3,9,Qubit-onehot,9,37,75
7,3,9,bosonicQAOA,9,34,72
7,3,9,HybridCVDV,9,37,48
7,4,0,Qubit-binary,1,39,94
7,4,0,Qubit-onehot,1,60,92
7,4,0,bosonicQAOA,1,35,24
7,4,0,HybridCVDV,1,53,20
7,4,1,Qubit-binary,1,98,32
7,4,1,Qubit-onehot,1,43,92
7,4,1,bosonicQAOA,1,50,64
7,4,1,HybridCVDV,1,55,12
7,4,2,Qubit-binary,1,5,34
7,4,2,Qubit-onehot,1,88,72
7,4,2,bosonicQAOA,1,64,20
7,4,2,HybridCVDV,1,53,4
7,4,3,Qubit-binary,1,24,31
7,4,3,Qubit-onehot,1,69,50
7,4,3,bosonicQAOA,1,64,43
7,4,3,HybridCVDV,1,99,78
7,4,4,Qubit-binary,1,58,3
7,4,4,Qubit-onehot,1,23,53
7,4,4,bosonicQAOA,1,52,91
7,4,4,HybridCVDV,1,54,83
7,4,5,Qubit-binary,1,12,16
7,4,5,Qubit-onehot,1,5,44
7,4,5,bosonicQAOA,1,31,61
7,4,5,HybridCVDV,1,17,35
7,4,6,Qubit-binary,1,39,96
7,4,6,Qubit-onehot,1,1,39
7,4,6,bosonicQAOA,1,9,40
7,4,6,HybridCVDV,1,81,30
7,4,7,Qubit-binary,1,52,3
7,4,7,Qubit-onehot,1,5,86
7,4,7,bosonicQAOA,1,96,58
7,4,7,HybridCVDV,1,65,73
7,4,8,Qubit-binary,1,86,6
7,4,8,Qubit-onehot,1,40,65
7,4,8,bosonicQAOA,1,66,60
7,4,8,HybridCVDV,1,57,38
7,4,9,Qubit-binary,1,66,29
7,4,9,Qubit-onehot,1,76,77
7,4,9,bosonicQAOA,1,61,34
7,4,9,HybridCVDV,1,32,64
7,4,0,Qubit-binary,2,85,54
7,4,0,Qubit-onehot,2,37,50
7,4,0,bosonicQAOA,2,58,86
7,4,0,HybridCVDV,2,65,63
7,4,1,Qubit-binary,2,68,18
7,4,1,Qubit-onehot,2,6,88
7,4,1,bosonicQAOA,2,8,50
7,4,1,HybridCVDV,2,61,70
7,4,2,Qubit-binary,2,26,2
7,4,2,Qubit-onehot,2,36,97
7,4,2,bosonicQAOA,2,2,82
7,4,2,HybridCVDV,2,60,40
7,4,3,Qubit-binary,2,94,53
7,4,3,Qubit-onehot,2,22,70
7,4,3,bosonicQAOA,2,18,87
7,4,3,HybridCVDV,2,30,10
7,4,4,Qubit-binary,2,11,27
7,4,4,Qubit-onehot,2,50,82
7,4,4,bosonicQAOA,2,25,61
7,4,4,HybridCVDV,2,17,56
7,4,5,Qubit-binary,2,91,12
7,4,5,Qubit-onehot,2,58,40
7,4,5,bosonicQAOA,2,72,16
7,4,5,HybridCVDV,2,19,46
7,4,6,Qubit-binary,2,37,21
7,4,6,Qubit-onehot,2,24,18
7,4,6,bosonicQAOA,2,87,84
7,4,6,HybridCVDV,2,91,25
7,4,7,Qubit-binary,2,3,1
7,4,7,Qubit-onehot,2,12,4
7,4,7,bosonicQAOA,2,37,50
7,4,7,HybridCVDV,2,66,20
7,4,8,Qubit-binary,2,33,50
7,4,8,Qubit-onehot,2,59,2
7,4,8,bosonicQAOA,2,51,86
7,4,8,HybridCVDV,2,7,23
7,4,9,Qubit-binary,2,21,61
7,4,9,Qubit-onehot,2,58,71
7,4,9,bosonicQAOA,2,1,54
7,4,9,HybridCVDV,2,79,37
7,4,0,Qubit-binary,3,85,53
7,4,0,Qubit-onehot,3,73,45
7,4,0,bosonicQAOA,3,79,1
7,4,0,HybridCVDV,3,83,32
7,4,1,Qubit-binary,3,37,76
7,4,1,Qubit-onehot,3,15,49
7,4,1,bosonicQAOA,3,25,81
7,4,1,HybridCVDV,3,33,76
7,4,2,Qubit-binary,3,47,91
7,4,2,Qubit-onehot,3,46,63
7,4,2,bosonicQAOA,3,90,58
7,4,2,HybridCVDV,3,68,61
7,4,3,Qubit-binary,3,65,9
7,4,3,Qubit-onehot,3,36,44
7,4,3,bosonicQAOA,3,17,27
7,4,3,HybridCVDV,3,7,55
7,4,4,Qubit-binary,3,60,9
7,4,4,Qubit-onehot,3,45,35
7,4,4,bosonicQAOA,3,16,76
7,4,4,HybridCVDV,3,55,28
7,4,5,Qubit-binary,3,27,28
7,4,5,Qubit-onehot,3,78,33
7,4,5,bosonicQAOA,3,65,41
7,4,5,HybridCVDV,3,92,64
7,4,6,Qubit-binary,3,5,10
7,4,6,Qubit-onehot,3,2,32
7,4,6,bosonicQAOA,3,19,68
7,4,6,HybridCVDV,3,10,66
7,4,7,Qubit-binary,3,28,28
7,4,7,Qubit-onehot,3,67,58
7,4,7,bosonicQAOA,3,91,11
7,4,7,HybridCVDV,3,19,67
7,4,8,Qubit-binary,3,68,69
7,4,8,Qubit-onehot,3,99,39
7,4,8,bosonicQAOA,3,94,99
7,4,8,HybridCVDV,3,38,42
7,4,9,Qubit-binary,3,20,65
7,4,9,Qubit-onehot,3,77,12
7,4,9,bosonicQAOA,3,33,52
7,4,9,HybridCVDV,3,3,14
7,4,0,Qubit-binary,4,68,34
7,4,0,Qubit-onehot,4,41,76
7,4,0,bosonicQAOA,4,43,61
7,4,0,HybridCVDV,4,14,41
7,4,1,Qubit-binary,4,15,78
7,4,1,Qubit-onehot,4,39,47
7,4,1,bosonicQAOA,4,55,81
7,4,1,HybridCVDV,4,22,48
7,4,2,Qubit-binary,4,42,17
7,4,2,Qubit-onehot,4,32,64
7,4,2,bosonicQAOA,4,88,16
7,4,2,HybridCVDV,4,98,91
7,4,3,Qubit-binary,4,95,97
7,4,3,Qubit-onehot,4,62,25
7,4,3,bosonicQAOA,4,53,68
7,4,3,HybridCVDV,4,5,74
7,4,4,Qubit-binary,4,47,55
7,4,4,Qubit-onehot,4,49,32
7,4,4,bosonicQAOA,4,30,76
7,4,4,HybridCVDV,4,56,31
7,4,5,Qubit-binary,4,76,18
7,4,5,Qubit-onehot,4,58,80
7,4,5,bosonicQAOA,4,62,70
7,4,5,HybridCVDV,4,20,74
7,4,6,Qubit-binary,4,48,99
7,4,6,Qubit-onehot,4,61,9
7,4,6,bosonicQAOA,4,27,84
7,4,6,HybridCVDV,4,80,32
7,4,7,Qubit-binary,4,49,35
7,4,7,Qubit-onehot,4,94,20
7,4,7,bosonicQAOA,4,35,3
7,4,7,HybridCVDV,4,32,95
7,4,8,Qubit-binary,4,46,17
7,4,8,Qubit-onehot,4,98,78
7,4,8,bosonicQAOA,4,5,53
7,4,8,HybridCVDV,4,26,50
7,4,9,Qubit-binary,4,51,47
7,4,9,Qubit-onehot,4,51,88
7,4,9,bosonicQAOA,4,94,98
7,4,9,HybridCVDV,4,96,58
7,4,0,Qubit-binary,5,70,45
7,4,0,Qubit-onehot,5,33,27
7,4,0,bosonicQAOA,5,80,66
7,4,0,HybridCVDV,5,20,51
7,4,1,Qubit-binary,5,42,40
7,4,1,Qubit-onehot,5,49,42
7,4,1,bosonicQAOA,5,28,63
7,4,1,HybridCVDV,5,10,80
7,4,2,Qubit-binary,5,92,54
7,4,2,Qubit-onehot,5,71,10
7,4,2,bosonicQAOA,5,70,22
7,4,2,HybridCVDV,5,13,6
7,4,3,Qubit-binary,5,98,66
7,4,3,Qubit-onehot,5,29,77
7,4,3,bosonicQAOA,5,46,69
7,4,3,HybridCVDV,5,44,34
7,4,4,Qubit-binary,5,83,40
7,4,4,Qubit-onehot,5,39,66
7,4,4,bosonicQAOA,5,55,32
7,4,4,HybridCVDV,5,17,82
7,4,5,Qubit-binary,5,32,42
7,4,5,Qubit-onehot,5,19,60
7,4,5,bosonicQAOA,5,82,73
7,4,5,HybridCVDV,5,17,52
7,4,6,Qubit-binary,5,37,86
7,4,6,Qubit-onehot,5,29,97
7,4,6,bosonicQAOA,5,97,55
7,4,6,HybridCVDV,5,22,18
7,4,7,Qubit-binary,5,60,21
7,4,7,Qubit-onehot,5,57,83
7,4,7,bosonicQAOA,5,61,44
7,4,7,HybridCVDV,5,38,89
7,4,8,Qubit-binary,5,54,85
7,4,8,Qubit-onehot,5,63,50
7,4,8,bosonicQAOA,5,70,26
7,4,8,HybridCVDV,5,69,80
7,4,9,Qubit-binary,5,70,12
7,4,9,Qubit-onehot,5,50,97
7,4,9,bosonicQAOA,5,34,3
7,4,9,HybridCVDV,5,74,85
7,4,0,Qubit-binary,6,95,73
7,4,0,Qubit-onehot,6,89,13
7,4,0,bosonicQAOA,6,42,10
7,4,0,HybridCVDV,6,62,92
7,4,1,Qubit-binary,6,20,65
7,4,1,Qubit-onehot,6,80,81
7,4,1,bosonicQAOA,6,91,85
7,4,1,HybridCVDV,6,56,95
7,4,2,Qubit-binary,6,42,56
7,4,2,Qubit-onehot,6,9,35
7,4,2,bosonicQAOA,6,62,66
7,4,2,HybridCVDV,6,95,67
7,4,3,Qubit-binary,6,74,61
7,4,3,Qubit-onehot,6,7,18
7,4,3,bosonicQAOA,6,5,77
7,4,3,HybridCVDV,6,8,27
7,4,4,Qubit-binary,6,59,93
7,4,4,Qubit-onehot,6,47,15
7,4,4,bosonicQAOA,6,42,47
7,4,4,HybridCVDV,6,52,35
7,4,5,Qubit-binary,6,37,54
7,4,5,Qubit-onehot,6,69,11
7,4,5,bosonicQAOA,6,73,81
7,4,5,HybridCVDV,6,62,2
7,4,6,Qubit-binary,6,54,35
7,4,6,Qubit-onehot,6,6,74
7,4,6,bosonicQAOA,6,13,90
7,4,6,HybridCVDV,6,52,34
7,4,7,Qubit-binary,6,47,82
7,4,7,Qubit-onehot,6,87,77
7,4,7,bosonicQAOA,6,18,12
7,4,7,HybridCVDV,6,20,89
7,4,8,Qubit-binary,6,10,53
7,4,8,Qubit-onehot,6,63,87
7,4,8,bosonicQAOA,6,89,13
7,4,8,HybridCVDV,6,75,84
7,4,9,Qubit-binary,6,3,64
7,4,9,Qubit-onehot,6,33,26
7,4,9,bosonicQAOA,6,38,33
7,4,9,HybridCVDV,6,31,19
7,4,0,Qubit-binary,7,60,49
7,4,0,Qubit-onehot,7,26,24
7,4,0,bosonicQAOA,7,75,27
7,4,0,HybridCVDV,7,88,8
7,4,1,Qubit-binary,7,72,29
7,4,1,Qubit-onehot,7,46,85
7,4,1,bosonicQAOA,7,23,29
7,4,1,HybridCVDV,7,54,83
7,4,2,Qubit-binary,7,38,28
7,4,2,Qubit-onehot,7,60,72
7,4,2,bosonicQAOA,7,12,60
7,4,2,HybridCVDV,7,37,33
7,4,3,Qubit-binary,7,54,78
7,4,3,Qubit-onehot,7,67,59
7,4,3,bosonicQAOA,7,37,37
7,4,3,HybridCVDV,7,14,90
7,4,4,Qubit-binary,7,67,16
7,4,4,Qubit-onehot,7,78,42
7,4,4,bosonicQAOA,7,20,33
7,4,4,HybridCVDV,7,79,85
7,4,5,Qubit-binary,7,30,11
7,4,5,Qubit-onehot,7,73,61
7,4,5,bosonicQAOA,7,60,28
7,4,5,HybridCVDV,7,44,97
7,4,6,Qubit-binary,7,89,3
7,4,6,Qubit-onehot,7,39,79
7,4,6,bosonicQAOA,7,8,2
7,4,6,HybridCVDV,7,50,24
7,4,7,Qubit-binary,7,64,90
7,4,7,Qubit-onehot,7,9,53
7,4,7,bosonicQAOA,7,50,39
7,4,7,HybridCVDV,7,70,48
7,4,8,Qubit-binary,7,50,60
7,4,8,Qubit-onehot,7,12,7
7,4,8,bosonicQAOA,7,84,46
7,4,8,HybridCVDV,7,58,69
7,4,9,Qubit-binary,7,36,54
7,4,9,Qubit-onehot,7,90,96
7,4,9,bosonicQAOA,7,50,80
7,4,9,HybridCVDV,7,60,90
7,4,0,Qubit-binary,8,10,10
7,4,0,Qubit-onehot,8,17,72
7,4,0,bosonicQAOA,8,74,3
7,4,0,HybridCVDV,8,42,30
7,4,1,Qubit-binary,8,96,19
7,4,1,Qubit-onehot,8,27,34
7,4,1,bosonicQAOA,8,89,21
7,4,1,HybridCVDV,8,27,72
7,4,2,Qubit-binary,8,87,34
7,4,2,Qubit-onehot,8,28,61
7,4,2,bosonicQAOA,8,59,48
7,4,2,HybridCVDV,8,26,69
7,4,3,Qubit-binary,8,53,41
7,4,3,Qubit-onehot,8,91,66
7,4,3,bosonicQAOA,8,47,47
7,4,3,HybridCVDV,8,48,48
7,4,4,Qubit-binary,8,75,45
7,4,4,Qubit-onehot,8,77,28
7,4,4,bosonicQAOA,8,32,22
7,4,4,HybridCVDV,8,14,30
7,4,5,Qubit-binary,8,78,48
7,4,5,Qubit-onehot,8,58,89
7,4,5,bosonicQAOA,8,74,10
7,4,5,HybridCVDV,8,92,50
7,4,6,Qubit-binary,8,90,35
7,4,6,Qubit-onehot,8,33,45
7,4,6,bosonicQAOA,8,3,48
7,4,6,HybridCVDV,8,75,77
7,4,7,Qubit-binary,8,33,6
7,4,7,Qubit-onehot,8,76,98
7,4,7,bosonicQAOA,8,4,93
7,4,7,HybridCVDV,8,34,17
7,4,8,Qubit-binary,8,21,59
7,4,8,Qubit-onehot,8,46,66
7,4,8,bosonicQAOA,8,59,63
7,4,8,HybridCVDV,8,34,75
7,4,9,Qubit-binary,8,76,67
7,4,9,Qubit-onehot,8,76,83
7,4,9,bosonicQAOA,8,16,22
7,4,9,HybridCVDV,8,14,45
7,4,0,Qubit-binary,9,84,49
7,4,0,Qubit-onehot,9,51,3
7,4,0,bosonicQAOA,9,64,31
7,4,0,HybridCVDV,9,27,45
7,4,1,Qubit-binary,9,59,65
7,4,1,Qubit-onehot,9,85,31
7,4,1,bosonicQAOA,9,1,73
7,4,1,HybridCVDV,9,95,9
7,4,2,Qubit-binary,9,87,99
7,4,2,Qubit-onehot,9,9,47
7,4,2,bosonicQAOA,9,56,13
7,4,2,HybridCVDV,9,68,9
7,4,3,Qubit-binary,9,36,32
7,4,3,Qubit-onehot,9,91,76
7,4,3,bosonicQAOA,9,28,44
7,4,3,HybridCVDV,9,70,56
7,4,4,Qubit-binary,9,10,60
7,4,4,Qubit-onehot,9,55,37
7,4,4,bosonicQAOA,9,23,65
7,4,4,HybridCVDV,9,52,12
7,4,5,Qubit-binary,9,15,6
7,4,5,Qubit-onehot,9,88,33
7,4,5,bosonicQAOA,9,13,42
7,4,5,HybridCVDV,9,6,84
7,4,6,Qubit-binary,9,79,31
7,4,6,Qubit-onehot,9,30,3
7,4,6,bosonicQAOA,9,71,87
7,4,6,HybridCVDV,9,49,7
7,4,7,Qubit-binary,9,39,94
7,4,7,Qubit-onehot,9,44,99
7,4,7,bosonicQAOA,9,40,67
7,4,7,HybridCVDV,9,85,58
7,4,8,Qubit-binary,9,21,70
7,4,8,Qubit-onehot,9,68,10
7,4,8,bosonicQAOA,9,68,39
7,4,8,HybridCVDV,9,8,99
7,4,9,Qubit-binary,9,13,92
7,4,9,Qubit-onehot,9,65,3
7,4,9,bosonicQAOA,9,16,46
7,4,9,HybridCVDV,9,71,54
8,4,0,Qubit-binary,1,12,83
8,4,0,Qubit-onehot,1,24,71
8,4,0,bosonicQAOA,1,13,58
8,4,0,HybridCVDV,1,68,54
8,4,1,Qubit-binary,1,78,24
8,4,1,Qubit-onehot,1,64,95
8,4,1,bosonicQAOA,1,97,95
8,4,1,HybridCVDV,1,14,34
8,4,2,Qubit-binary,1,80,20
8,4,2,Qubit-onehot,1,20,56
8,4,2,bosonicQAOA,1,48,50
8,4,2,HybridCVDV,1,21,5
8,4,3,Qubit-binary,1,64,73
8,4,3,Qubit-onehot,1,55,84
8,4,3,bosonicQAOA,1,25,56
8,4,3,HybridCVDV,1,93,94
8,4,4,Qubit-binary,1,65,82
8,4,4,Qubit-onehot,1,13,41
8,4,4,bosonicQAOA,1,61,69
8,4,4,HybridCVDV,1,8,87
8,4,5,Qubit-binary,1,1,57
8,4,5,Qubit-onehot,1,94,38
8,4,5,bosonicQAOA,1,35,24
8,4,5,HybridCVDV,1,73,19
8,4,6,Qubit-binary,1,11,81
8,4,6,Qubit-onehot,1,21,19
8,4,6,bosonicQAOA,1,89,98
8,4,6,HybridCVDV,1,14,58
8,4,7,Qubit-binary,1,64,91
8,4,7,Qubit-onehot,1,67,3
8,4,7,bosonicQAOA,1,73,51
8,4,7,HybridCVDV,1,59,34
8,4,8,Qubit-binary,1,25,27
8,4,8,Qubit-onehot,1,95,27
8,4,8,bosonicQAOA,1,61,57
8,4,8,HybridCVDV,1,36,60
8,4,9,Qubit-binary,1,1,51
8,4,9,Qubit-onehot,1,80,84
8,4,9,bosonicQAOA,1,12,30
8,4,9,HybridCVDV,1,90,35
8,4,0,Qubit-binary,2,9,6
8,4,0,Qubit-onehot,2,40,28
8,4,0,bosonicQAOA,2,37,59
8,4,0,HybridCVDV,2,57,33
8,4,1,Qubit-binary,2,28,21
8,4,1,Qubit-onehot,2,36,60
8,4,1,bosonicQAOA,2,37,56
8,4,1,HybridCVDV,2,34,19
8,4,2,Qubit-binary,2,14,38
8,4,2,Qubit-onehot,2,35,33
8,4,2,bosonicQAOA,2,63,52
8,4,2,HybridCVDV,2,70,51
8,4,3,Qubit-binary,2,11,64
8,4,3,Qubit-onehot,2,41,79
8,4,3,bosonicQAOA,2,82,19
8,4,3,HybridCVDV,2,33,64
8,4,4,Qubit-binary,2,24,98
8,4,4,Qubit-onehot,2,76,99
8,4,4,bosonicQAOA,2,38,37
8,4,4,HybridCVDV,2,1,29
8,4,5,Qubit-binary,2,55,71
8,4,5,Qubit-onehot,2,51,19
8,4,5,bosonicQAOA,2,64,68
8,4,5,HybridCVDV,2,53,25
8,4,6,Qubit-binary,2,80,71
8,4,6,Qubit-onehot,2,53,43
8,4,6,bosonicQAOA,2,80,51
8,4,6,HybridCVDV,2,27,3
8,4,7,Qubit-binary,2,6,20
8,4,7,Qubit-onehot,2,71,67
8,4,7,bosonicQAOA,2,39,70
8,4,7,HybridCVDV,2,84,33
8,4,8,Qubit-binary,2,8,42
8,4,8,Qubit-onehot,2,5,64
8,4,8,bosonicQAOA,2,52,76
8,4,8,HybridCVDV,2,71,81
8,4,9,Qubit-binary,2,12,36
8,4,9,Qubit-onehot,2,33,87
8,4,9,bosonicQAOA,2,32,61
8,4,9,HybridCVDV,2,42,85
8,4,0,Qubit-binary,3,22,40
8,4,0,Qubit-onehot,3,75,69
8,4,0,bosonicQAOA,3,2,95
8,4,0,HybridCVDV,3,25,18
8,4,1,Qubit-binary,3,72,51
8,4,1,Qubit-onehot,3,16,80
8,4,1,bosonicQAOA,3,24,90
8,4,1,HybridCVDV,3,27,13
8,4,2,Qubit-binary,3,63,47
8,4,2,Qubit-onehot,3,69,92
8,4,2,bosonicQAOA,3,56,61
8,4,2,HybridCVDV,3,4,29
8,4,3,Qubit-binary,3,83,68
8,4,3,Qubit-onehot,3,95,63
8,4,3,bosonicQAOA,3,53,1
8,4,3,HybridCVDV,3,41,59
8,4,4,Qubit-binary,3,61,38
8,4,4,Qubit-onehot,3,66,57
8,4,4,bosonicQAOA,3,24,84
8,4,4,HybridCVDV,3,39,85
8,4,5,Qubit-binary,3,91,34
8,4,5,Qubit-onehot,3,37,88
8,4,5,bosonicQAOA,3,79,45
8,4,5,HybridCVDV,3,69,73
8,4,6,Qubit-binary,3,44,87
8,4,6,Qubit-onehot,3,74,62
8,4,6,bosonicQAOA,3,40,68
8,4,6,HybridCVDV,3,84,51
8,4,7,Qubit-binary,3,86,42
8,4,7,Qubit-onehot,3,43,54
8,4,7,bosonicQAOA,3,35,73
8,4,7,HybridCVDV,3,16,8
8,4,8,Qubit-binary,3,24,61
8,4,8,Qubit-onehot,3,24,32
8,4,8,bosonicQAOA,3,72,15
8,4,8,HybridCVDV,3,12,16
8,4,9,Qubit-binary,3,79,32
8,4,9,Qubit-onehot,3,95,29
8,4,9,bosonicQAOA,3,53,89
8,4,9,HybridCVDV,3,11,63
8,4,0,Qubit-binary,4,30,90
8,4,0,Qubit-onehot,4,42,51
8,4,0,bosonicQAOA,4,99,45
8,4,0,HybridCVDV,4,48,73
8,4,1,Qubit-binary,4,67,96
8,4,1,Qubit-onehot,4,2,24
8,4,1,bosonicQAOA,4,26,80
8,4,1,HybridCVDV,4,47,49
8,4,2,Qubit-binary,4,51,62
8,4,2,Qubit-onehot,4,62,20
8,4,2,bosonicQAOA,4,20,15
8,4,2,HybridCVDV,4,39,74
8,4,3,Qubit-binary,4,59,13
8,4,3,Qubit-onehot,4,85,14
8,4,3,bosonicQAOA,4,67,96
8,4,3,HybridCVDV,4,50,44
8,4,4,Qubit-binary,4,16,17
8,4,4,Qubit-onehot,4,21,83
8,4,4,bosonicQAOA,4,77,66
8,4,4,HybridCVDV,4,89,28
8,4,5,Qubit-binary,4,85,47
8,4,5,Qubit-onehot,4,55,4
8,4,5,bosonicQAOA,4,57,2
8,4,5,HybridCVDV,4,54,25
8,4,6,Qubit-binary,4,51,63
8,4,6,Qubit-onehot,4,46,14
8,4,6,bosonicQAOA,4,35,56
8,4,6,HybridCVDV,4,30,60
8,4,7,Qubit-binary,4,65,40
8,4,7,Qubit-onehot,4,14,46
8,4,7,bosonicQAOA,4,38,82
8,4,7,HybridCVDV,4,94,23
8,4,8,Qubit-binary,4,15,34
8,4,8,Qubit-onehot,4,89,21
8,4,8,bosonicQAOA,4,95,70
8,4,8,HybridCVDV,4,48,76
8,4,9,Qubit-binary,4,17,6
8,4,9,Qubit-onehot,4,16,85
8,4,9,bosonicQAOA,4,3,61
8,4,9,HybridCVDV,4,54,77
8,4,0,Qubit-binary,5,78,5
8,4,0,Qubit-onehot,5,4,64
8,4,0,bosonicQAOA,5,23,13
8,4,0,HybridCVDV,5,68,58
8,4,1,Qubit-binary,5,1,32
8,4,1,Qubit-onehot,5,51,35
8,4,1,bosonicQAOA,5,16,16
8,4,1,HybridCVDV,5,39,67
8,4,2,Qubit-binary,5,86,34
8,4,2,Qubit-onehot,5,80,7
8,4,2,bosonicQAOA,5,34,1
8,4,2,HybridCVDV,5,93,59
8,4,3,Qubit-binary,5,33,18
8,4,3,Qubit-onehot,5,68,15
8,4,3,bosonicQAOA,5,57,21
8,4,3,HybridCVDV,5,47,54
8,4,4,Qubit-binary,5,43,5
8,4,4,Qubit-onehot,5,63,45
8,4,4,bosonicQAOA,5,70,63
8,4,4,HybridCVDV,5,45,69
8,4,5,Qubit-binary,5,82,53
8,4,5,Qubit-onehot,5,41,2
8,4,5,bosonicQAOA,5,57,62
8,4,5,HybridCVDV,5,76,53
8,4,6,Qubit-binary,5,12,52
8,4,6,Qubit-onehot,5,33,14
8,4,6,bosonicQAOA,5,67,77
8,4,6,HybridCVDV,5,85,7
8,4,7,Qubit-binary,5,72,82
8,4,7,Qubit-onehot,5,32,62
8,4,7,bosonicQAOA,5,35,17
8,4,7,HybridCVDV,5,54,73
8,4,8,Qubit-binary,5,85,29
8,4,8,Qubit-onehot,5,17,20
8,4,8,bosonicQAOA,5,31,78
8,4,8,HybridCVDV,5,68,8
8,4,9,Qubit-binary,5,80,4
8,4,9,Qubit-onehot,5,80,45
8,4,9,bosonicQAOA,5,33,1
8,4,9,HybridCVDV,5,65,48
8,4,0,Qubit-binary,6,46,20
8,4,0,Qubit-onehot,6,11,71
8,4,0,bosonicQAOA,6,90,96
8,4,0,HybridCVDV,6,95,11
8,4,1,Qubit-binary,6,48,53
8,4,1,Qubit-onehot,6,93,93
8,4,1,bosonicQAOA,6,13,69
8,4,1,HybridCVDV,6,69,60
8,4,2,Qubit-binary,6,8,66
8,4,2,Qubit-onehot,6,53,86
8,4,2,bosonicQAOA,6,81,44
8,4,2,HybridCVDV,6,21,34
8,4,3,Qubit-binary,6,73,11
8,4,3,Qubit-onehot,6,88,32
8,4,3,bosonicQAOA,6,67,82
8,4,3,HybridCVDV,6,2,16
8,4,4,Qubit-binary,6,60,92
8,4,4,Qubit-onehot,6,6,16
8,4,4,bosonicQAOA,6,24,47
8,4,4,HybridCVDV,6,85,30
8,4,5,Qubit-binary,6,31,44
8,4,5,Qubit-onehot,6,69,54
8,4,5,bosonicQAOA,6,65,98
8,4,5,HybridCVDV,6,26,58
8,4,6,Qubit-binary,6,21,34
8,4,6,Qubit-onehot,6,30,4
8,4,6,bosonicQAOA,6,86,7
8,4,6,HybridCVDV,6,75,63
8,4,7,Qubit-binary,6,58,92
8,4,7,Qubit-onehot,6,48,63
8,4,7,bosonicQAOA,6,19,60
8,4,7,HybridCVDV,6,24,65
8,4,8,Qubit-binary,6,8,67
8,4,8,Qubit-onehot,6,82,93
8,4,8,bosonicQAOA,6,13,8
8,4,8,HybridCVDV,6,80,17
8,4,9,Qubit-binary,6,69,73
8,4,9,Qubit-onehot,6,45,7
8,4,9,bosonicQAOA,6,76,30
8,4,9,HybridCVDV,6,65,28
8,4,0,Qubit-binary,7,77,53
8,4,0,Qubit-onehot,7,55,85
8,4,0,bosonicQAOA,7,28,53
8,4,0,HybridCVDV,7,75,95
8,4,1,Qubit-binary,7,17,85
8,4,1,Qubit-onehot,7,86,61
8,4,1,bosonicQAOA,7,76,94
8,4,1,HybridCVDV,7,55,26
8,4,2,Qubit-binary,7,72,37
8,4,2,Qubit-onehot,7,96,41
8,4,2,bosonicQAOA,7,73,29
8,4,2,HybridCVDV,7,85,28
8,4,3,Qubit-binary,7,6,90
8,4,3,Qubit-onehot,7,65,97
8,4,3,bosonicQAOA,7,29,59
8,4,3,HybridCVDV,7,56,60
8,4,4,Qubit-binary,7,67,20
8,4,4,Qubit-onehot,7,86,70
8,4,4,bosonicQAOA,7,27,53
8,4,4,HybridCVDV,7,8,4
8,4,5,Qubit-binary,7,77,47
8,4,5,Qubit-onehot,7,62,92
8,4,5,bosonicQAOA,7,73,28
8,4,5,HybridCVDV,7,47,38
8,4,6,Qubit-binary,7,90,41
8,4,6,Qubit-onehot,7,52,51
8,4,6,bosonicQAOA,7,40,21
8,4,6,HybridCVDV,7,2,15
8,4,7,Qubit-binary,7,67,85
8,4,7,Qubit-onehot,7,24,85
8,4,7,bosonicQAOA,7,72,95
8,4,7,HybridCVDV,7,14,57
8,4,8,Qubit-binary,7,56,17
8,4,8,Qubit-onehot,7,73,79
8,4,8,bosonicQAOA,7,86,67
8,4,8,HybridCVDV,7,60,49
8,4,9,Qubit-binary,7,78,90
8,4,9,Qubit-onehot,7,7,62
8,4,9,bosonicQAOA,7,2,98
8,4,9,HybridCVDV,7,93,92
8,4,0,Qubit-binary,8,86,78
8,4,0,Qubit-onehot,8,86,4
8,4,0,bosonicQAOA,8,22,21
8,4,0,HybridCVDV,8,94,80
8,4,1,Qubit-binary,8,78,96
8,4,1,Qubit-onehot,8,75,25
8,4,1,bosonicQAOA,8,75,9
8,4,1,HybridCVDV,8,29,40
8,4,2,Qubit-binary,8,24,88
8,4,2,Qubit-onehot,8,16,83
8,4,2,bosonicQAOA,8,48,37
8,4,2,HybridCVDV,8,21,2
8,4,3,Qubit-binary,8,74,77
8,4,3,Qubit-onehot,8,40,8
8,4,3,bosonicQAOA,8,62,34
8,4,3,HybridCVDV,8,3,94
8,4,4,Qubit-binary,8,24,30
8,4,4,Qubit-onehot,8,74,28
8,4,4,bosonicQAOA,8,58,25
8,4,4,HybridCVDV,8,35,31
8,4,5,Qubit-binary,8,97,29
8,4,5,Qubit-onehot,8,92,82
8,4,5,bosonicQAOA,8,50,30
8,4,5,HybridCVDV,8,78,50
8,4,6,Qubit-binary,8,61,70
8,4,6,Qubit-onehot,8,80,41
8,4,6,bosonicQAOA,8,54,35
8,4,6,HybridCVDV,8,42,96
8,4,7,Qubit-binary,8,92,45
8,4,7,Qubit-onehot,8,29,41
8,4,7,bosonicQAOA,8,54,94
8,4,7,HybridCVDV,8,20,72
8,4,8,Qubit-binary,8,72,46
8,4,8,Qubit-onehot,8,17,11
8,4,8,bosonicQAOA,8,1,59
8,4,8,HybridCVDV,8,72,82
8,4,9,Qubit-binary,8,64,39
8,4,9,Qubit-onehot,8,41,11
8,4,9,bosonicQAOA,8,48,95
8,4,9,HybridCVDV,8,47,4
8,4,0,Qubit-binary,9,12,46
8,4,0,Qubit-onehot,9,92,42
8,4,0,bosonicQAOA,9,93,68
8,4,0,HybridCVDV,9,22,52
8,4,1,Qubit-binary,9,62,62
8,4,1,Qubit-onehot,9,48,96
8,4,1,bosonicQAOA,9,45,86
8,4,1,HybridCVDV,9,64,25
8,4,2,Qubit-binary,9,74,29
8,4,2,Qubit-onehot,9,30,51
8,4,2,bosonicQAOA,9,19,81
8,4,2,HybridCVDV,9,85,21
8,4,3,Qubit-binary,9,34,84
8,4,3,Qubit-onehot,9,98,72
8,4,3,bosonicQAOA,9,16,81
8,4,3,HybridCVDV,9,45,70
8,4,4,Qubit-binary,9,48,42
8,4,4,Qubit-onehot,9,23,88
8,4,4,bosonicQAOA,9,61,20
8,4,4,HybridCVDV,9,94,53
8,4,5,Qubit-binary,9,89,36
8,4,5,Qubit-onehot,9,58,48
8,4,5,bosonicQAOA,9,61,62
8,4,5,HybridCVDV,9,28,6
8,4,6,Qubit-binary,9,8,69
8,4,6,Qubit-onehot,9,32,4
8,4,6,bosonicQAOA,9,19,62
8,4,6,HybridCVDV,9,61,33
8,4,7,Qubit-binary,9,78,40
8,4,7,Qubit-onehot,9,72,30
8,4,7,bosonicQAOA,9,32,50
8,4,7,HybridCVDV,9,64,59
8,4,8,Qubit-binary,9,69,48
8,4,8,Qubit-onehot,9,38,24
8,4,8,bosonicQAOA,9,36,16
8,4,8,HybridCVDV,9,95,93
8,4,9,Qubit-binary,9,7,23
8,4,9,Qubit-onehot,9,43,43
8,4,9,bosonicQAOA,9,68,28
8,4,9,HybridCVDV,9,17,36
8,5,0,Qubit-binary,1,76,44
8,5,0,Qubit-onehot,1,74,93
8,5,0,bosonicQAOA,1,80,62
8,5,0,HybridCVDV,1,82,15
8,5,1,Qubit-binary,1,50,67
8,5,1,Qubit-onehot,1,25,19
8,5,1,bosonicQAOA,1,13,23
8,5,1,HybridCVDV,1,94,9
8,5,2,Qubit-binary,1,81,26
8,5,2,Qubit-onehot,1,60,57
8,5,2,bosonicQAOA,1,45,40
8,5,2,HybridCVDV,1,43,88
8,5,3,Qubit-binary,1,84,50
8,5,3,Qubit-onehot,1,92,26
8,5,3,bosonicQAOA,1,57,79
8,5,3,HybridCVDV,1,81,99
8,5,4,Qubit-binary,1,35,23
8,5,4,Qubit-onehot,1,78,34
8,5,4,bosonicQAOA,1,28,32
8,5,4,HybridCVDV,1,23,35
8,5,5,Qubit-binary,1,70,29
8,5,5,Qubit-onehot,1,53,18
8,5,5,bosonicQAOA,1,96,13
8,5,5,HybridCVDV,1,84,46
8,5,6,Qubit-binary,1,87,42
8,5,6,Qubit-onehot,1,17,24
8,5,6,bosonicQAOA,1,37,96
8,5,6,HybridCVDV,1,80,28
8,5,7,Qubit-binary,1,12,48
8,5,7,Qubit-onehot,1,10,32
8,5,7,bosonicQAOA,1,69,21
8,5,7,HybridCVDV,1,19,91
8,5,8,Qubit-binary,1,45,36
8,5,8,Qubit-onehot,1,15,80
8,5,8,bosonicQAOA,1,46,95
8,5,8,HybridCVDV,1,66,35
8,5,9,Qubit-binary,1,88,48
8,5,9,Qubit-onehot,1,82,25
8,5,9,bosonicQAOA,1,76,37
8,5,9,HybridCVDV,1,96,92
8,5,0,Qubit-binary,2,62,81
8,5,0,Qubit-onehot,2,55,34
8,5,0,bosonicQAOA,2,43,74
8,5,0,HybridCVDV,2,40,79
8,5,1,Qubit-binary,2,32,78
8,5,1,Qubit-onehot,2,9,87
8,5,1,bosonicQAOA,2,46,3
8,5,1,HybridCVDV,2,91,89
8,5,2,Qubit-binary,2,95,82
8,5,2,Qubit-onehot,2,93,67
8,5,2,bosonicQAOA,2,68,6
8,5,2,HybridCVDV,2,26,77
8,5,3,Qubit-binary,2,18,86
8,5,3,Qubit-onehot,2,16,80
8,5,3,bosonicQAOA,2,81,81
8,5,3,HybridCVDV,2,34,52
8,5,4,Qubit-binary,2,11,31
8,5,4,Qubit-onehot,2,80,29
8,5,4,bosonicQAOA,2,34,36
8,5,4,HybridCVDV,2,63,57
8,5,5,Qubit-binary,2,83,78
8,5,5,Qubit-onehot,2,61,26
8,5,5,bosonicQAOA,2,23,88
8,5,5,HybridCVDV,2,63,74
8,5,6,Qubit-binary,2,64,30
8,5,6,Qubit-onehot,2,28,22
8,5,6,bosonicQAOA,2,63,90
8,5,6,HybridCVDV,2,69,90
8,5,7,Qubit-binary,2,49,35
8,5,7,Qubit-onehot,2,44,56
8,5,7,bosonicQAOA,2,52,26
8,5,7,HybridCVDV,2,11,11
8,5,8,Qubit-binary,2,98,70
8,5,8,Qubit-onehot,2,35,85
8,5,8,bosonicQAOA,2,52,30
8,5,8,HybridCVDV,2,7,73
8,5,9,Qubit-binary,2,3,87
8,5,9,Qubit-onehot,2,47,34
8,5,9,bosonicQAOA,2,9,19
8,5,9,HybridCVDV,2,43,46
8,5,0,Qubit-binary,3,76,99
8,5,0,Qubit-onehot,3,20,10
8,5,0,bosonicQAOA,3,4,79
8,5,0,HybridCVDV,3,37,49
8,5,1,Qubit-binary,3,94,67
8,5,1,Qubit-onehot,3,36,72
8,5,1,bosonicQAOA,3,85,50
8,5,1,HybridCVDV,3,13,2
8,5,2,Qubit-binary,3,36,96
8,5,2,Qubit-onehot,3,97,93
8,5,2,bosonicQAOA,3,18,34
8,5,2,HybridCVDV,3,73,99
8,5,3,Qubit-binary,3,42,93
8,5,3,Qubit-onehot,3,46,73
8,5,3,bosonicQAOA,3,75,65
8,5,3,HybridCVDV,3,45,57
8,5,4,Qubit-binary,3,49,85
8,5,4,Qubit-onehot,3,61,59
8,5,4,bosonicQAOA,3,8,15
8,5,4,HybridCVDV,3,55,76
8,5,5,Qubit-binary,3,50,61
8,5,5,Qubit-onehot,3,97,20
8,5,5,bosonicQAOA,3,82,74
8,5,5,HybridCVDV,3,42,82
8,5,6,Qubit-binary,3,57,81
8,5,6,Qubit-onehot,3,79,58
8,5,6,bosonicQAOA,3,76,15
8,5,6,HybridCVDV,3,86,10
8,5,7,Qubit-binary,3,2,15
8,5,7,Qubit-onehot,3,48,49
8,5,7,bosonicQAOA,3,33,27
8,5,7,HybridCVDV,3,87,21
8,5,8,Qubit-binary,3,45,19
8,5,8,Qubit-onehot,3,39,35
8,5,8,bosonicQAOA,3,76,53
8,5,8,HybridCVDV,3,39,1
8,5,9,Qubit-binary,3,68,61
8,5,9,Qubit-onehot,3,39,40
8,5,9,bosonicQAOA,3,87,75
8,5,9,HybridCVDV,3,13,2
8,5,0,Qubit-binary,4,36,11
8,5,0,Qubit-onehot,4,82,14
8,5,0,bosonicQAOA,4,17,52
8,5,0,HybridCVDV,4,44,43
8,5,1,Qubit-binary,4,42,37
8,5,1,Qubit-onehot,4,46,48
8,5,1,bosonicQAOA,4,54,62
8,5,1,HybridCVDV,4,30,70
8,5,2,Qubit-binary,4,52,63
8,5,2,Qubit-onehot,4,72,23
8,5,2,bosonicQAOA,4,69,59
8,5,2,HybridCVDV,4,6,51
8,5,3,Qubit-binary,4,29,50
8,5,3,Qubit-onehot,4,43,49
8,5,3,bosonicQAOA,4,9,74
8,5,3,HybridCVDV,4,95,73
8,5,4,Qubit-binary,4,61,1
8,5,4,Qubit-onehot,4,98,41
8,5,4,bosonicQAOA,4,67,85
8,5,4,HybridCVDV,4,97,81
8,5,5,Qubit-binary,4,27,93
8,5,5,Qubit-onehot,4,34,18
8,5,5,bosonicQAOA,4,27,69
8,5,5,HybridCVDV,4,26,41
8,5,6,Qubit-binary,4,47,17
8,5,6,Qubit-onehot,4,14,54
8,5,6,bosonicQAOA,4,99,58
8,5,6,HybridCVDV,4,29,84
8,5,7,Qubit-binary,4,8,91
8,5,7,Qubit-onehot,4,67,19
8,5,7,bosonicQAOA,4,58,43
8,5,7,HybridCVDV,4,68,63
8,5,8,Qubit-binary,4,13,48
8,5,8,Qubit-onehot,4,83,74
8,5,8,bosonicQAOA,4,38,33
8,5,8,HybridCVDV,4,40,15
8,5,9,Qubit-binary,4,61,45
8,5,9,Qubit-onehot,4,72,15
8,5,9,bosonicQAOA,4,62,11
8,5,9,HybridCVDV,4,36,50
8,5,0,Qubit-binary,5,4,13
8,5,0,Qubit-onehot,5,21,47
8,5,0,bosonicQAOA,5,57,13
8,5,0,HybridCVDV,5,68,17
8,5,1,Qubit-binary,5,17,22
8,5,1,Qubit-onehot,5,16,77
8,5,1,bosonicQAOA,5,90,43
8,5,1,HybridCVDV,5,69,37
8,5,2,Qubit-binary,5,56,76
8,5,2,Qubit-onehot,5,51,87
8,5,2,bosonicQAOA,5,14,73
8,5,2,HybridCVDV,5,17,69
8,5,3,Qubit-binary,5,98,88
8,5,3,Qubit-onehot,5,9,65
8,5,3,bosonicQAOA,5,1,47
8,5,3,HybridCVDV,5,47,23
8,5,4,Qubit-binary,5,46,13
8,5,4,Qubit-onehot,5,94,98
8,5,4,bosonicQAOA,5,88,42
8,5,4,HybridCVDV,5,59,79
8,5,5,Qubit-binary,5,56,14
8,5,5,Qubit-onehot,5,95,10
8,5,5,bosonicQAOA,5,71,89
8,5,5,HybridCVDV,5,99,1
8,5,6,Qubit-binary,5,67,92
8,5,6,Qubit-onehot,5,42,25
8,5,6,bosonicQAOA,5,37,90
8,5,6,HybridCVDV,5,76,67
8,5,7,Qubit-binary,5,15,25
8,5,7,Qubit-onehot,5,42,84
8,5,7,bosonicQAOA,5,26,71
8,5,7,HybridCVDV,5,70,84
8,5,8,Qubit-binary,5,53,23
8,5,8,Qubit-onehot,5,74,18
8,5,8,bosonicQAOA,5,98,18
8,5,8,HybridCVDV,5,78,54
8,5,9,Qubit-binary,5,12,44
8,5,9,Qubit-onehot,5,70,9
8,5,9,bosonicQAOA,5,5,19
8,5,9,HybridCVDV,5,29,99
8,5,0,Qubit-binary,6,23,30
8,5,0,Qubit-onehot,6,26,31
8,5,0,bosonicQAOA,6,71,59
8,5,0,HybridCVDV,6,8,4
8,5,1,Qubit-binary,6,38,38
8,5,1,Qubit-onehot,6,30,89
8,5,1,bosonicQAOA,6,33,3
8,5,1,HybridCVDV,6,69,85
8,5,2,Qubit-binary,6,71,2
8,5,2,Qubit-onehot,6,17,60
8,5,2,bosonicQAOA,6,32,30
8,5,2,HybridCVDV,6,95,2
8,5,3,Qubit-binary,6,16,11
8,5,3,Qubit-onehot,6,61,13
8,5,3,bosonicQAOA,6,45,67
8,5,3,HybridCVDV,6,22,22
8,5,4,Qubit-binary,6,14,63
8,5,4,Qubit-onehot,6,7,67
8,5,4,bosonicQAOA,6,61,89
8,5,4,HybridCVDV,6,33,54
8,5,5,Qubit-binary,6,15,25
8,5,5,Qubit-onehot,6,12,15
8,5,5,bosonicQAOA,6,83,22
8,5,5,HybridCVDV,6,24,32
8,5,6,Qubit-binary,6,35,1
8,5,6,Qubit-onehot,6,90,7
8,5,6,bosonicQAOA,6,78,9
8,5,6,HybridCVDV,6,45,97
8,5,7,Qubit-binary,6,38,5
8,5,7,Qubit-onehot,6,59,66
8,5,7,bosonicQAOA,6,6,36
8,5,7,HybridCVDV,6,83,89
8,5,8,Qubit-binary,6,20,87
8,5,8,Qubit-onehot,6,52,66
8,5,8,bosonicQAOA,6,50,5
8,5,8,HybridCVDV,6,97,54
8,5,9,Qubit-binary,6,44,54
8,5,9,Qubit-onehot,6,29,38
8,5,9,bosonicQAOA,6,82,87
8,5,9,HybridCVDV,6,39,4
8,5,0,Qubit-binary,7,54,99
8,5,0,Qubit-onehot,7,17,39
8,5,0,bosonicQAOA,7,51,64
8,5,0,HybridCVDV,7,62,46
8,5,1,Qubit-binary,7,40,24
8,5,1,Qubit-onehot,7,61,4
8,5,1,bosonicQAOA,7,71,94
8,5,1,HybridCVDV,7,67,57
8,5,2,Qubit-binary,7,68,55
8,5,2,Qubit-onehot,7,26,48
8,5,2,bosonicQAOA,7,45,7
8,5,2,HybridCVDV,7,3,88
8,5,3,Qubit-binary,7,93,90
8,5,3,Qubit-onehot,7,13,88
8,5,3,bosonicQAOA,7,67,51
8,5,3,HybridCVDV,7,11,10
8,5,4,Qubit-binary,7,62,61
8,5,4,Qubit-onehot,7,3,60
8,5,4,bosonicQAOA,7,92,22
8,5,4,HybridCVDV,7,1,29
8,5,5,Qubit-binary,7,84,60
8,5,5,Qubit-onehot,7,1,95
8,5,5,bosonicQAOA,7,92,98
8,5,5,HybridCVDV,7,25,54
8,5,6,Qubit-binary,7,57,25
8,5,6,Qubit-onehot,7,6,37
8,5,6,bosonicQAOA,7,3,65
8,5,6,HybridCVDV,7,43,68
8,5,7,Qubit-binary,7,11,14
8,5,7,Qubit-onehot,7,37,34
8,5,7,bosonicQAOA,7,12,80
8,5,7,HybridCVDV,7,55,42
8,5,8,Qubit-binary,7,28,68
8,5,8,Qubit-onehot,7,24,85
8,5,8,bosonicQAOA,7,73,99
8,5,8,HybridCVDV,7,59,57
8,5,9,Qubit-binary,7,13,56
8,5,9,Qubit-onehot,7,32,63
8,5,9,bosonicQAOA,7,49,27
8,5,9,HybridCVDV,7,58,8
8,5,0,Qubit-binary,8,20,80
8,5,0,Qubit-onehot,8,39,59
8,5,0,bosonicQAOA,8,36,29
8,5,0,HybridCVDV,8,17,83
8,5,1,Qubit-binary,8,72,95
8,5,1,Qubit-onehot,8,34,21
8,5,1,bosonicQAOA,8,80,61
8,5,1,HybridCVDV,8,68,22
8,5,2,Qubit-binary,8,40,39
8,5,2,Qubit-onehot,8,67,18
8,5,2,bosonicQAOA,8,14,81
8,5,2,HybridCVDV,8,33,78
8,5,3,Qubit-binary,8,18,5
8,5,3,Qubit-onehot,8,93,77
8,5,3,bosonicQAOA,8,65,19
8,5,3,HybridCVDV,8,4,42
8,5,4,Qubit-binary,8,6,6
8,5,4,Qubit-onehot,8,43,99
8,5,4,bosonicQAOA,8,68,46
8,5,4,HybridCVDV,8,87,32
8,5,5,Qubit-binary,8,98,87
8,5,5,Qubit-onehot,8,9,35
8,5,5,bosonicQAOA,8,86,89
8,5,5,HybridCVDV,8,12,43
8,5,6,Qubit-binary,8,5,37
8,5,6,Qubit-onehot,8,74,26
8,5,6,bosonicQAOA,8,98,50
8,5,6,HybridCVDV,8,88,94
8,5,7,Qubit-binary,8,84,13
8,5,7,Qubit-onehot,8,88,76
8,5,7,bosonicQAOA,8,49,69
8,5,7,HybridCVDV,8,56,2
8,5,8,Qubit-binary,8,37,16
8,5,8,Qubit-onehot,8,36,57
8,5,8,bosonicQAOA,8,43,11
8,5,8,HybridCVDV,8,45,32
8,5,9,Qubit-binary,8,54,59
8,5,9,Qubit-onehot,8,92,43
8,5,9,bosonicQAOA,8,21,49
8,5,9,HybridCVDV,8,27,96
8,5,0,Qubit-binary,9,18,96
8,5,0,Qubit-onehot,9,86,88
8,5,0,bosonicQAOA,9,73,49
8,5,0,HybridCVDV,9,28,23
8,5,1,Qubit-binary,9,17,30
8,5,1,Qubit-onehot,9,50,40
8,5,1,bosonicQAOA,9,99,13
8,5,1,HybridCVDV,9,41,56
8,5,2,Qubit-binary,9,94,83
8,5,2,Qubit-onehot,9,71,67
8,5,2,bosonicQAOA,9,13,90
8,5,2,HybridCVDV,9,45,50
8,5,3,Qubit-binary,9,24,21
8,5,3,Qubit-onehot,9,97,98
8,5,3,bosonicQAOA,9,80,12
8,5,3,HybridCVDV,9,15,66
8,5,4,Qubit-binary,9,72,19
8,5,4,Qubit-onehot,9,49,38
8,5,4,bosonicQAOA,9,90,31
8,5,4,HybridCVDV,9,90,39
8,5,5,Qubit-binary,9,43,58
8,5,5,Qubit-onehot,9,33,49
8,5,5,bosonicQAOA,9,77,12
8,5,5,HybridCVDV,9,83,98
8,5,6,Qubit-binary,9,98,90
8,5,6,Qubit-onehot,9,9,89
8,5,6,bosonicQAOA,9,51,1
8,5,6,HybridCVDV,9,37,70
8,5,7,Qubit-binary,9,87,21
8,5,7,Qubit-onehot,9,37,26
8,5,7,bosonicQAOA,9,52,73
8,5,7,HybridCVDV,9,34,39
8,5,8,Qubit-binary,9,64,13
8,5,8,Qubit-onehot,9,4,65
8,5,8,bosonicQAOA,9,17,95
8,5,8,HybridCVDV,9,33,40
8,5,9,Qubit-binary,9,1,25
8,5,9,Qubit-onehot,9,89,2
8,5,9,bosonicQAOA,9,28,7
8,5,9,HybridCVDV,9,73,75
9,4,0,Qubit-binary,1,45,99
9,4,0,Qubit-onehot,1,30,51
9,4,0,bosonicQAOA,1,46,1
9,4,0,HybridCVDV,1,7,99
9,4,1,Qubit-binary,1,37,66
9,4,1,Qubit-onehot,1,26,14
9,4,1,bosonicQAOA,1,26,53
9,4,1,HybridCVDV,1,93,17
9,4,2,Qubit-binary,1,55,73
9,4,2,Qubit-onehot,1,96,42
9,4,2,bosonicQAOA,1,19,45
9,4,2,HybridCVDV,1,73,16
9,4,3,Qubit-binary,1,85,66
9,4,3,Qubit-onehot,1,97,52
9,4,3,bosonicQAOA,1,1,22
9,4,3,HybridCVDV,1,87,70
9,4,4,Qubit-binary,1,80,22
9,4,4,Qubit-onehot,1,51,91
9,4,4,bosonicQAOA,1,59,85
9,4,4,HybridCVDV,1,31,24
9,4,5,Qubit-binary,1,68,17
9,4,5,Qubit-onehot,1,90,98
9,4,5,bosonicQAOA,1,44,11
9,4,5,HybridCVDV,1,2,67
9,4,6,Qubit-binary,1,73,82
9,4,6,Qubit-onehot,1,14,2
9,4,6,bosonicQAOA,1,29,21
9,4,6,HybridCVDV,1,29,74
9,4,7,Qubit-binary,1,20,6
9,4,7,Qubit-onehot,1,21,20
9,4,7,bosonicQAOA,1,57,40
9,4,7,HybridCVDV,1,94,93
9,4,8,Qubit-binary,1,80,60
9,4,8,Qubit-onehot,1,59,33
9,4,8,bosonicQAOA,1,69,12
9,4,8,HybridCVDV,1,23,67
9,4,9,Qubit-binary,1,14,22
9,4,9,Qubit-onehot,1,17,95
9,4,9,bosonicQAOA,1,96,92
9,4,9,HybridCVDV,1,51,78
9,4,0,Qubit-binary,2,81,37
9,4,0,Qubit-onehot,2,21,45
9,4,0,bosonicQAOA,2,77,64
9,4,0,HybridCVDV,2,1,9
9,4,1,Qubit-binary,2,59,78
9,4,1,Qubit-onehot,2,80,78
9,4,1,bosonicQAOA,2,40,87
9,4,1,HybridCVDV,2,74,28
9,4,2,Qubit-binary,2,90,61
9,4,2,Qubit-onehot,2,69,68
9,4,2,bosonicQAOA,2,92,16
9,4,2,HybridCVDV,2,55,95
9,4,3,Qubit-binary,2,37,82
9,4,3,Qubit-onehot,2,54,90
9,4,3,bosonicQAOA,2,73,54
9,4,3,HybridCVDV,2,20,73
9,4,4,Qubit-binary,2,42,75
9,4,4,Qubit-onehot,2,48,36
9,4,4,bosonicQAOA,2,1,63
9,4,4,HybridCVDV,2,80,22
9,4,5,Qubit-binary,2,10,80
9,4,5,Qubit-onehot,2,10,11
9,4,5,bosonicQAOA,2,16,2
9,4,5,HybridCVDV,2,69,57
9,4,6,Qubit-binary,2,76,39
9,4,6,Qubit-onehot,2,70,93
9,4,6,bosonicQAOA,2,9,50
9,4,6,HybridCVDV,2,26,71
9,4,7,Qubit-binary,2,70,97
9,4,7,Qubit-onehot,2,74,37
9,4,7,bosonicQAOA,2,43,53
9,4,7,HybridCVDV,2,7,73
9,4,8,Qubit-binary,2,85,4
9,4,8,Qubit-onehot,2,81,12
9,4,8,bosonicQAOA,2,16,20
9,4,8,HybridCVDV,2,4,74
9,4,9,Qubit-binary,2,77,62
9,4,9,Qubit-onehot,2,48,54
9,4,9,bosonicQAOA,2,40,20
9,4,9,HybridCVDV,2,7,33
9,4,0,Qubit-binary,3,86,30
9,4,0,Qubit-onehot,3,12,36
9,4,0,bosonicQAOA,3,61,79
9,4,0,HybridCVDV,3,41,54
9,4,1,Qubit-binary,3,75,16
9,4,1,Qubit-onehot,3,40,62
9,4,1,bosonicQAOA,3,8,19
9,4,1,HybridCVDV,3,30,34
9,4,2,Qubit-binary,3,9,91
9,4,2,Qubit-onehot,3,29,69
9,4,2,bosonicQAOA,3,36,98
9,4,2,HybridCVDV,3,5,27
9,4,3,Qubit-binary,3,13,40
9,4,3,Qubit-onehot,3,72,11
9,4,3,bosonicQAOA,3,18,47
9,4,3,HybridCVDV,3,75,29
9,4,4,Qubit-binary,3,24,52
9,4,4,Qubit-onehot,3,85,48
9,4,4,bosonicQAOA,3,90,9
9,4,4,HybridCVDV,3,95,80
9,4,5,Qubit-binary,3,61,89
9,4,5,Qubit-onehot,3,78,68
9,4,5,bosonicQAOA,3,48,89
9,4,5,HybridCVDV,3,78,20
9,4,6,Qubit-binary,3,33,1
9,4,6,Qubit-onehot,3,27,24
9,4,6,bosonicQAOA,3,10,34
9,4,6,HybridCVDV,3,19,69
9,4,7,Qubit-binary,3,33,51
9,4,7,Qubit-onehot,3,66,11
9,4,7,bosonicQAOA,3,47,29
9,4,7,HybridCVDV,3,73,71
9,4,8,Qubit-binary,3,38,72
9,4,8,Qubit-onehot,3,12,88
9,4,8,bosonicQAOA,3,2,41
9,4,8,HybridCVDV,3,35,75
9,4,9,Qubit-binary,3,53,43
9,4,9,Qubit-onehot,3,97,66
9,4,9,bosonicQAOA,3,41,83
9,4,9,HybridCVDV,3,75,44
9,4,0,Qubit-binary,4,7,81
9,4,0,Qubit-onehot,4,52,49
9,4,0,bosonicQAOA,4,24,49
9,4,0,HybridCVDV,4,77,7
9,4,1,Qubit-binary,4,89,65
9,4,1,Qubit-onehot,4,65,39
9,4,1,bosonicQAOA,4,87,75
9,4,1,HybridCVDV,4,98,71
9,4,2,Qubit-binary,4,15,36
9,4,2,Qubit-onehot,4,56,69
9,4,2,bosonicQAOA,4,72,92
9,4,2,HybridCVDV,4,3,25
9,4,3,Qubit-binary,4,32,5
9,4,3,Qubit-onehot,4,41,66
9,4,3,bosonicQAOA,4,95,91
9,4,3,HybridCVDV,4,12,80
9,4,4,Qubit-binary,4,33,55
9,4,4,Qubit-onehot,4,71,67
9,4,4,bosonicQAOA,4,74,49
9,4,4,HybridCVDV,4,46,54
9,4,5,Qubit-binary,4,48,64
9,4,5,Qubit-onehot,4,31,3
9,4,5,bosonicQAOA,4,83,70
9,4,5,HybridCVDV,4,72,61
9,4,6,Qubit-binary,4,85,27
9,4,6,Qubit-onehot,4,14,66
9,4,6,bosonicQAOA,4,44,30
9,4,6,HybridCVDV,4,36,55
9,4,7,Qubit-binary,4,79,89
9,4,7,Qubit-onehot,4,77,71
9,4,7,bosonicQAOA,4,62,72
9,4,7,HybridCVDV,4,66,65
9,4,8,Qubit-binary,4,60,20
9,4,8,Qubit-onehot,4,20,2
9,4,8,bosonicQAOA,4,61,55
9,4,8,HybridCVDV,4,97,53
9,4,9,Qubit-binary,4,40,23
9,4,9,Qubit-onehot,4,19,61
9,4,9,bosonicQAOA,4,83,23
9,4,9,HybridCVDV,4,68,73
9,4,0,Qubit-binary,5,79,48
9,4,0,Qubit-onehot,5,42,92
9,4,0,bosonicQAOA,5,38,43
9,4,0,HybridCVDV,5,99,52
9,4,1,Qubit-binary,5,61,60
9,4,1,Qubit-onehot,5,44,25
9,4,1,bosonicQAOA,5,46,62
9,4,1,HybridCVDV,5,58,75
9,4,2,Qubit-binary,5,62,23
9,4,2,Qubit-onehot,5,44,90
9,4,2,bosonicQAOA,5,68,82
9,4,2,HybridCVDV,5,52,6
9,4,3,Qubit-binary,5,46,35
9,4,3,Qubit-onehot,5,91,16
9,4,3,bosonicQAOA,5,29,16
9,4,3,HybridCVDV,5,98,68
9,4,4,Qubit-binary,5,94,49
9,4,4,Qubit-onehot,5,31,59
9,4,4,bosonicQAOA,5,70,74
9,4,4,HybridCVDV,5,72,74
9,4,5,Qubit-binary,5,79,97
9,4,5,Qubit-onehot,5,8,24
9,4,5,bosonicQAOA,5,51,53
9,4,5,HybridCVDV,5,39,15
9,4,6,Qubit-binary,5,4,86
9,4,6,Qubit-onehot,5,33,40
9,4,6,bosonicQAOA,5,39,35
9,4,6,HybridCVDV,5,86,15
9,4,7,Qubit-binary,5,3,59
9,4,7,Qubit-onehot,5,14,97
9,4,7,bosonicQAOA,5,85,3
9,4,7,HybridCVDV,5,99,37
9,4,8,Qubit-binary,5,76,78
9,4,8,Qubit-onehot,5,25,70
9,4,8,bosonicQAOA,5,55,66
9,4,8,HybridCVDV,5,42,19
9,4,9,Qubit-binary,5,10,36
9,4,9,Qubit-onehot,5,87,72
9,4,9,bosonicQAOA,5,91,20
9,4,9,HybridCVDV,5,10,97
9,4,0,Qubit-binary,6,17,56
9,4,0,Qubit-onehot,6,88,77
9,4,0,bosonicQAOA,6,84,15
9,4,0,HybridCVDV,6,7,23
9,4,1,Qubit-binary,6,71,82
9,4,1,Qubit-onehot,6,38,41
9,4,1,bosonicQAOA,6,5,94
9,4,1,HybridCVDV,6,21,40
9,4,2,Qubit-binary,6,24,37
9,4,2,Qubit-onehot,6,13,15
9,4,2,bosonicQAOA,6,74,56
9,4,2,HybridCVDV,6,34,69
9,4,3,Qubit-binary,6,41,25
9,4,3,Qubit-onehot,6,56,13
9,4,3,bosonicQAOA,6,4,25
9,4,3,HybridCVDV,6,28,19
9,4,4,Qubit-binary,6,96,98
9,4,4,Qubit-onehot,6,74,97
9,4,4,bosonicQAOA,6,48,96
9,4,4,HybridCVDV,6,70,88
9,4,5,Qubit-binary,6,93,41
9,4,5,Qubit-onehot,6,28,26
9,4,5,bosonicQAOA,6,49,36
9,4,5,HybridCVDV,6,19,96
9,4,6,Qubit-binary,6,26,44
9,4,6,Qubit-onehot,6,25,30
9,4,6,bosonicQAOA,6,31,48
9,4,6,HybridCVDV,6,70,66
9,4,7,Qubit-binary,6,21,41
9,4,7,Qubit-onehot,6,66,57
9,4,7,bosonicQAOA,6,13,72
9,4,7,HybridCVDV,6,86,33
9,4,8,Qubit-binary,6,28,43
9,4,8,Qubit-onehot,6,27,27
9,4,8,bosonicQAOA,6,30,24
9,4,8,HybridCVDV,6,44,58
9,4,9,Qubit-binary,6,79,4
9,4,9,Qubit-onehot,6,85,38
9,4,9,bosonicQAOA,6,48,92
9,4,9,HybridCVDV,6,98,9
9,4,0,Qubit-binary,7,6,72
9,4,0,Qubit-onehot,7,28,34
9,4,0,bosonicQAOA,7,27,57
9,4,0,HybridCVDV,7,46,15
9,4,1,Qubit-binary,7,37,15
9,4,1,Qubit-onehot,7,44,16
9,4,1,bosonicQAOA,7,82,25
9,4,1,HybridCVDV,7,94,45
9,4,2,Qubit-binary,7,2,34
9,4,2,Qubit-onehot,7,2,67
9,4,2,bosonicQAOA,7,75,13
9,4,2,HybridCVDV,7,60,43
9,4,3,Qubit-binary,7,20,48
9,4,3,Qubit-onehot,7,39,69
9,4,3,bosonicQAOA,7,19,84
9,4,3,HybridCVDV,7,82,11
9,4,4,Qubit-binary,7,74,53
9,4,4,Qubit-onehot,7,92,59
9,4,4,bosonicQAOA,7,3,85
9,4,4,HybridCVDV,7,14,71
9,4,5,Qubit-binary,7,35,42
9,4,5,Qubit-onehot,7,9,11
9,4,5,bosonicQAOA,7,1,65
9,4,5,HybridCVDV,7,6,67
9,4,6,Qubit-binary,7,41,83
9,4,6,Qubit-onehot,7,84,64
9,4,6,bosonicQAOA,7,18,19
9,4,6,HybridCVDV,7,68,39
9,4,7,Qubit-binary,7,22,94
9,4,7,Qubit-onehot,7,74,89
9,4,7,bosonicQAOA,7,61,97
9,4,7,HybridCVDV,7,9,32
9,4,8,Qubit-binary,7,83,66
9,4,8,Qubit-onehot,7,15,70
9,4,8,bosonicQAOA,7,82,65
9,4,8,HybridCVDV,7,41,97
9,4,9,Qubit-binary,7,10,56
9,4,9,Qubit-onehot,7,78,62
9,4,9,bosonicQAOA,7,77,90
9,4,9,HybridCVDV,7,65,10
9,4,0,Qubit-binary,8,87,91
9,4,0,Qubit-onehot,8,31,12
9,4,0,bosonicQAOA,8,17,76
9,4,0,HybridCVDV,8,86,19
9,4,1,Qubit-binary,8,9,39
9,4,1,Qubit-onehot,8,6,52
9,4,1,bosonicQAOA,8,18,58
9,4,1,HybridCVDV,8,16,23
9,4,2,Qubit-binary,8,36,96
9,4,2,Qubit-onehot,8,98,81
9,4,2,bosonicQAOA,8,5,61
9,4,2,HybridCVDV,8,23,29
9,4,3,Qubit-binary,8,70,92
9,4,3,Qubit-onehot,8,49,59
9,4,3,bosonicQAOA,8,34,92
9,4,3,HybridCVDV,8,13,9
9,4,4,Qubit-binary,8,10,48
9,4,4,Qubit-onehot,8,61,75
9,4,4,bosonicQAOA,8,24,69
9,4,4,HybridCVDV,8,82,65
9,4,5,Qubit-binary,8,3,14
9,4,5,Qubit-onehot,8,32,86
9,4,5,bosonicQAOA,8,43,86
9,4,5,HybridCVDV,8,31,77
9,4,6,Qubit-binary,8,31,44
9,4,6,Qubit-onehot,8,12,4
9,4,6,bosonicQAOA,8,68,80
9,4,6,HybridCVDV,8,80,10
9,4,7,Qubit-binary,8,7,62
9,4,7,Qubit-onehot,8,71,10
9,4,7,bosonicQAOA,8,67,81
9,4,7,HybridCVDV,8,9,55
9,4,8,Qubit-binary,8,14,62
9,4,8,Qubit-onehot,8,99,65
9,4,8,bosonicQAOA,8,1,25
9,4,8,HybridCVDV,8,91,10
9,4,9,Qubit-binary,8,3,57
9,4,9,Qubit-onehot,8,96,8
9,4,9,bosonicQAOA,8,53,65
9,4,9,HybridCVDV,8,31,93
9,4,0,Qubit-binary,9,8,6
9,4,0,Qubit-onehot,9,25,84
9,4,0,bosonicQAOA,9,33,89
9,4,0,HybridCVDV,9,25,41
9,4,1,Qubit-binary,9,97,42
9,4,1,Qubit-onehot,9,82,92
9,4,1,bosonicQAOA,9,85,11
9,4,1,HybridCVDV,9,35,23
9,4,2,Qubit-binary,9,39,50
9,4,2,Qubit-onehot,9,14,50
9,4,2,bosonicQAOA,9,94,26
9,4,2,HybridCVDV,9,14,89
9,4,3,Qubit-binary,9,49,68
9,4,3,Qubit-onehot,9,22,16
9,4,3,bosonicQAOA,9,34,68
9,4,3,HybridCVDV,9,75,92
9,4,4,Qubit-binary,9,27,82
9,4,4,Qubit-onehot,9,43,62
9,4,4,bosonicQAOA,9,38,76
9,4,4,HybridCVDV,9,88,47
9,4,5,Qubit-binary,9,93,60
9,4,5,Qubit-onehot,9,70,99
9,4,5,bosonicQAOA,9,72,24
9,4,5,HybridCVDV,9,81,89
9,4,6,Qubit-binary,9,81,85
9,4,6,Qubit-onehot,9,52,91
9,4,6,bosonicQAOA,9,4,56
9,4,6,HybridCVDV,9,78,34
9,4,7,Qubit-binary,9,37,37
9,4,7,Qubit-onehot,9,90,51
9,4,7,bosonicQAOA,9,46,47
9,4,7,HybridCVDV,9,3,14
9,4,8,Qubit-binary,9,76,57
9,4,8,Qubit-onehot,9,96,3
9,4,8,bosonicQAOA,9,60,3
9,4,8,HybridCVDV,9,13,67
9,4,9,Qubit-binary,9,22,96
9,4,9,Qubit-onehot,9,74,7
9,4,9,bosonicQAOA,9,17,31
9,4,9,HybridCVDV,9,39,99
9,5,0,Qubit-binary,1,87,89
9,5,0,Qubit-onehot,1,44,15
9,5,0,bosonicQAOA,1,55,75
9,5,0,HybridCVDV,1,82,53
9,5,1,Qubit-binary,1,19,80
9,5,1,Qubit-onehot,1,93,4
9,5,1,bosonicQAOA,1,38,72
9,5,1,HybridCVDV,1,69,37
9,5,2,Qubit-binary,1,16,51
9,5,2,Qubit-onehot,1,79,56
9,5,2,bosonicQAOA,1,85,80
9,5,2,HybridCVDV,1,8,94
9,5,3,Qubit-binary,1,2,4
9,5,3,Qubit-onehot,1,66,72
9,5,3,bosonicQAOA,1,16,99
9,5,3,HybridCVDV,1,99,77
9,5,4,Qubit-binary,1,70,38
9,5,4,Qubit-onehot,1,34,93
9,5,4,bosonicQAOA,1,4,91
9,5,4,HybridCVDV,1,86,25
9,5,5,Qubit-binary,1,53,52
9,5,5,Qubit-onehot,1,33,75
9,5,5,bosonicQAOA,1,40,24
9,5,5,HybridCVDV,1,18,74
9,5,6,Qubit-binary,1,39,88
9,5,6,Qubit-onehot,1,26,45
9,5,6,bosonicQAOA,1,36,62
9,5,6,HybridCVDV,1,98,5
9,5,7,Qubit-binary,1,98,99
9,5,7,Qubit-onehot,1,72,7
9,5,7,bosonicQAOA,1,95,87
9,5,7,HybridCVDV,1,28,64
9,5,8,Qubit-binary,1,32,96
9,5,8,Qubit-onehot,1,12,2
9,5,8,bosonicQAOA,1,21,52
9,5,8,HybridCVDV,1,62,62
9,5,9,Qubit-binary,1,67,76
9,5,9,Qubit-onehot,1,30,81
9,5,9,bosonicQAOA,1,46,35
9,5,9,HybridCVDV,1,5,68
9,5,0,Qubit-binary,2,93,24
9,5,0,Qubit-onehot,2,40,84
9,5,0,bosonicQAOA,2,47,66
9,5,0,HybridCVDV,2,98,84
9,5,1,Qubit-binary,2,98,34
9,5,1,Qubit-onehot,2,95,68
9,5,1,bosonicQAOA,2,33,57
9,5,1,HybridCVDV,2,43,60
9,5,2,Qubit-binary,2,51,92
9,5,2,Qubit-onehot,2,72,9
9,5,2,bosonicQAOA,2,95,85
9,5,2,HybridCVDV,2,88,13
9,5,3,Qubit-binary,2,46,44
9,5,3,Qubit-onehot,2,42,98
9,5,3,bosonicQAOA,2,77,77
9,5,3,HybridCVDV,2,72,28
9,5,4,Qubit-binary,2,9,75
9,5,4,Qubit-onehot,2,30,55
9,5,4,bosonicQAOA,2,74,81
9,5,4,HybridCVDV,2,62,72
9,5,5,Qubit-binary,2,37,88
9,5,5,Qubit-onehot,2,42,63
9,5,5,bosonicQAOA,2,9,80
9,5,5,HybridCVDV,2,54,6
9,5,6,Qubit-binary,2,99,6
9,5,6,Qubit-onehot,2,84,52
9,5,6,bosonicQAOA,2,59,8
9,5,6,HybridCVDV,2,47,44
9,5,7,Qubit-binary,2,25,64
9,5,7,Qubit-onehot,2,43,68
9,5,7,bosonicQAOA,2,71,15
9,5,7,HybridCVDV,2,96,19
9,5,8,Qubit-binary,2,53,2
9,5,8,Qubit-onehot,2,89,15
9,5,8,bosonicQAOA,2,47,12
9,5,8,HybridCVDV,2,22,57
9,5,9,Qubit-binary,2,45,21
9,5,9,Qubit-onehot,2,31,78
9,5,9,bosonicQAOA,2,67,3
9,5,9,HybridCVDV,2,50,99
9,5,0,Qubit-binary,3,77,99
9,5,0,Qubit-onehot,3,37,67
9,5,0,bosonicQAOA,3,28,23
9,5,0,HybridCVDV,3,25,25
9,5,1,Qubit-binary,3,38,7
9,5,1,Qubit-onehot,3,79,29
9,5,1,bosonicQAOA,3,25,29
9,5,1,HybridCVDV,3,61,38
9,5,2,Qubit-binary,3,62,8
9,5,2,Qubit-onehot,3,43,77
9,5,2,bosonicQAOA,3,73,41
9,5,2,HybridCVDV,3,88,90
9,5,3,Qubit-binary,3,75,58
9,5,3,Qubit-onehot,3,61,70
9,5,3,bosonicQAOA,3,59,70
9,5,3,HybridCVDV,3,53,38
9,5,4,Qubit-binary,3,91,50
9,5,4,Qubit-onehot,3,95,94
9,5,4,bosonicQAOA,3,1,62
9,5,4,HybridCVDV,3,99,49
9,5,5,Qubit-binary,3,70,87
9,5,5,Qubit-onehot,3,98,63
9,5,5,bosonicQAOA,3,3,76
9,5,5,HybridCVDV,3,82,63
9,5,6,Qubit-binary,3,18,5
9,5,6,Qubit-onehot,3,7,67
9,5,6,bosonicQAOA,3,66,41
9,5,6,HybridCVDV,3,11,2
9,5,7,Qubit-binary,3,29,15
9,5,7,Qubit-onehot,3,94,7
9,5,7,bosonicQAOA,3,29,71
9,5,7,HybridCVDV,3,46,62
9,5,8,Qubit-binary,3,44,46
9,5,8,Qubit-onehot,3,81,75
9,5,8,bosonicQAOA,3,8,65
9,5,8,HybridCVDV,3,74,32
9,5,9,Qubit-binary,3,40,56
9,5,9,Qubit-onehot,3,89,95
9,5,9,bosonicQAOA,3,72,77
9,5,9,HybridCVDV,3,57,29
9,5,0,Qubit-binary,4,55,3
9,5,0,Qubit-onehot,4,11,74
9,5,0,bosonicQAOA,4,92,42
9,5,0,HybridCVDV,4,55,18
9,5,1,Qubit-binary,4,37,76
9,5,1,Qubit-onehot,4,99,34
9,5,1,bosonicQAOA,4,43,59
9,5,1,HybridCVDV,4,40,21
9,5,2,Qubit-binary,4,58,17
9,5,2,Qubit-onehot,4,33,20
9,5,2,bosonicQAOA,4,35,48
9,5,2,HybridCVDV,4,73,16
9,5,3,Qubit-binary,4,19,15
9,5,3,Qubit-onehot,4,11,46
9,5,3,bosonicQAOA,4,35,57
9,5,3,HybridCVDV,4,34,47
9,5,4,Qubit-binary,4,44,54
9,5,4,Qubit-onehot,4,76,42
9,5,4,bosonicQAOA,4,18,33
9,5,4,HybridCVDV,4,61,56
9,5,5,Qubit-binary,4,45,39
9,5,5,Qubit-onehot,4,85,68
9,5,5,bosonicQAOA,4,87,17
9,5,5,HybridCVDV,4,22,26
9,5,6,Qubit-binary,4,36,77
9,5,6,Qubit-onehot,4,36,25
9,5,6,bosonicQAOA,4,15,88
9,5,6,HybridCVDV,4,51,2
9,5,7,Qubit-binary,4,76,93
9,5,7,Qubit-onehot,4,72,16
9,5,7,bosonicQAOA,4,24,40
9,5,7,HybridCVDV,4,80,9
9,5,8,Qubit-binary,4,83,38
9,5,8,Qubit-onehot,4,35,45
9,5,8,bosonicQAOA,4,10,71
9,5,8,HybridCVDV,4,5,64
9,5,9,Qubit-binary,4,74,90
9,5,9,Qubit-onehot,4,1,18
9,5,9,bosonicQAOA,4,21,23
9,5,9,HybridCVDV,4,77,29
9,5,0,Qubit-binary,5,78,80
9,5,0,Qubit-onehot,5,32,48
9,5,0,bosonicQAOA,5,67,28
9,5,0,HybridCVDV,5,27,89
9,5,1,Qubit-binary,5,45,62
9,5,1,Qubit-onehot,5,81,12
9,5,1,bosonicQAOA,5,19,16
9,5,1,HybridCVDV,5,77,4
9,5,2,Qubit-binary,5,10,7
9,5,2,Qubit-onehot,5,94,75
9,5,2,bosonicQAOA,5,92,38
9,5,2,HybridCVDV,5,89,58
9,5,3,Qubit-binary,5,55,25
9,5,3,Qubit-onehot,5,98,78
9,5,3,bosonicQAOA,5,19,54
9,5,3,HybridCVDV,5,36,84
9,5,4,Qubit-binary,5,19,7
9,5,4,Qubit-onehot,5,12,62
9,5,4,bosonicQAOA,5,52,79
9,5,4,HybridCVDV,5,20,53
9,5,5,Qubit-binary,5,43,1
9,5,5,Qubit-onehot,5,65,40
9,5,5,bosonicQAOA,5,85,30
9,5,5,HybridCVDV,5,85,76
9,5,6,Qubit-binary,5,40,52
9,5,6,Qubit-onehot,5,29,77
9,5,6,bosonicQAOA,5,4,93
9,5,6,HybridCVDV,5,90,75
9,5,7,Qubit-binary,5,84,34
9,5,7,Qubit-onehot,5,90,77
9,5,7,bosonicQAOA,5,4,62
9,5,7,HybridCVDV,5,21,80
9,5,8,Qubit-binary,5,35,67
9,5,8,Qubit-onehot,5,2,42
9,5,8,bosonicQAOA,5,49,18
9,5,8,HybridCVDV,5,17,79
9,5,9,Qubit-binary,5,52,56
9,5,9,Qubit-onehot,5,87,28
9,5,9,bosonicQAOA,5,21,93
9,5,9,HybridCVDV,5,28,81
9,5,0,Qubit-binary,6,40,99
9,5,0,Qubit-onehot,6,56,38
9,5,0,bosonicQAOA,6,63,38
9,5,0,HybridCVDV,6,39,23
9,5,1,Qubit-binary,6,89,25
9,5,1,Qubit-onehot,6,62,7
9,5,1,bosonicQAOA,6,72,86
9,5,1,HybridCVDV,6,31,16
9,5,2,Qubit-binary,6,87,17
9,5,2,Qubit-onehot,6,13,13
9,5,2,bosonicQAOA,6,7,26
9,5,2,HybridCVDV,6,50,27
9,5,3,Qubit-binary,6,9,16
9,5,3,Qubit-onehot,6,56,76
9,5,3,bosonicQAOA,6,6,37
9,5,3,HybridCVDV,6,66,51
9,5,4,Qubit-binary,6,41,81
9,5,4,Qubit-onehot,6,45,51
9,5,4,bosonicQAOA,6,85,39
9,5,4,HybridCVDV,6,97,66
9,5,5,Qubit-binary,6,25,43
9,5,5,Qubit-onehot,6,82,84
9,5,5,bosonicQAOA,6,40,26
9,5,5,HybridCVDV,6,9,90
9,5,6,Qubit-binary,6,56,83
9,5,6,Qubit-onehot,6,20,96
9,5,6,bosonicQAOA,6,27,36
9,5,6,HybridCVDV,6,72,10
9,5,7,Qubit-binary,6,40,31
9,5,7,Qubit-onehot,6,25,63
9,5,7,bosonicQAOA,6,39,51
9,5,7,HybridCVDV,6,78,5
9,5,8,Qubit-binary,6,98,14
9,5,8,Qubit-onehot,6,4,24
9,5,8,bosonicQAOA,6,26,48
9,5,8,HybridCVDV,6,7,5
9,5,9,Qubit-binary,6,83,96
9,5,9,Qubit-onehot,6,71,13
9,5,9,bosonicQAOA,6,25,16
9,5,9,HybridCVDV,6,53,37
9,5,0,Qubit-binary,7,97,11
9,5,0,Qubit-onehot,7,60,93
9,5,0,bosonicQAOA,7,89,68
9,5,0,HybridCVDV,7,1,26
9,5,1,Qubit-binary,7,27,16
9,5,1,Qubit-onehot,7,21,17
9,5,1,bosonicQAOA,7,27,54
9,5,1,HybridCVDV,7,25,57
9,5,2,Qubit-binary,7,33,16
9,5,2,Qubit-onehot,7,23,72
9,5,2,bosonicQAOA,7,28,56
9,5,2,HybridCVDV,7,35,15
9,5,3,Qubit-binary,7,47,1
9,5,3,Qubit-onehot,7,30,79
9,5,3,bosonicQAOA,7,2,30
9,5,3,HybridCVDV,7,15,19
9,5,4,Qubit-binary,7,5,97
9,5,4,Qubit-onehot,7,9,95
9,5,4,bosonicQAOA,7,3,36
9,5,4,HybridCVDV,7,73,21
9,5,5,Qubit-binary,7,24,20
9,5,5,Qubit-onehot,7,98,54
9,5,5,bosonicQAOA,7,19,36
9,5,5,HybridCVDV,7,84,25
9,5,6,Qubit-binary,7,76,7
9,5,6,Qubit-onehot,7,52,54
9,5,6,bosonicQAOA,7,41,77
9,5,6,HybridCVDV,7,80,80
9,5,7,Qubit-binary,7,8,78
9,5,7,Qubit-onehot,7,10,77
9,5,7,bosonicQAOA,7,75,24
9,5,7,HybridCVDV,7,34,87
9,5,8,Qubit-binary,7,54,5
9,5,8,Qubit-onehot,7,58,17
9,5,8,bosonicQAOA,7,73,80
9,5,8,HybridCVDV,7,75,44
9,5,9,Qubit-binary,7,26,29
9,5,9,Qubit-onehot,7,12,14
9,5,9,bosonicQAOA,7,52,86
9,5,9,HybridCVDV,7,5,93
9,5,0,Qubit-binary,8,88,21
9,5,0,Qubit-onehot,8,29,47
9,5,0,bosonicQAOA,8,78,28
9,5,0,HybridCVDV,8,69,73
9,5,1,Qubit-binary,8,15,23
9,5,1,Qubit-onehot,8,91,41
9,5,1,bosonicQAOA,8,63,46
9,5,1,HybridCVDV,8,56,24
9,5,2,Qubit-binary,8,98,96
9,5,2,Qubit-onehot,8,59,7
9,5,2,bosonicQAOA,8,71,88
9,5,2,HybridCVDV,8,13,17
9,5,3,Qubit-binary,8,79,73
9,5,3,Qubit-onehot,8,4,38
9,5,3,bosonicQAOA,8,92,11
9,5,3,HybridCVDV,8,84,32
9,5,4,Qubit-binary,8,71,84
9,5,4,Qubit-onehot,8,43,40
9,5,4,bosonicQAOA,8,80,13
9,5,4,HybridCVDV,8,83,92
9,5,5,Qubit-binary,8,59,86
9,5,5,Qubit-onehot,8,55,3
9,5,5,bosonicQAOA,8,86,28
9,5,5,HybridCVDV,8,15,25
9,5,6,Qubit-binary,8,71,36
9,5,6,Qubit-onehot,8,26,73
9,5,6,bosonicQAOA,8,60,70
9,5,6,HybridCVDV,8,58,46
9,5,7,Qubit-binary,8,83,71
9,5,7,Qubit-onehot,8,57,88
9,5,7,bosonicQAOA,8,2,5
9,5,7,HybridCVDV,8,58,88
9,5,8,Qubit-binary,8,40,25
9,5,8,Qubit-onehot,8,99,6
9,5,8,bosonicQAOA,8,54,84
9,5,8,HybridCVDV,8,30,95
9,5,9,Qubit-binary,8,35,18
9,5,9,Qubit-onehot,8,46,48
9,5,9,bosonicQAOA,8,42,39
9,5,9,HybridCVDV,8,70,73
9,5,0,Qubit-binary,9,60,15
9,5,0,Qubit-onehot,9,51,95
9,5,0,bosonicQAOA,9,11,68
9,5,0,HybridCVDV,9,16,33
9,5,1,Qubit-binary,9,68,53
9,5,1,Qubit-onehot,9,84,82
9,5,1,bosonicQAOA,9,32,5
9,5,1,HybridCVDV,9,92,10
9,5,2,Qubit-binary,9,36,46
9,5,2,Qubit-onehot,9,68,9
9,5,2,bosonicQAOA,9,75,1
9,5,2,HybridCVDV,9,10,5
9,5,3,Qubit-binary,9,46,99
9,5,3,Qubit-onehot,9,87,10
9,5,3,bosonicQAOA,9,85,59
9,5,3,HybridCVDV,9,45,90
9,5,4,Qubit-binary,9,96,62
9,5,4,Qubit-onehot,9,97,29
9,5,4,bosonicQAOA,9,72,62
9,5,4,HybridCVDV,9,75,49
9,5,5,Qubit-binary,9,18,29
9,5,5,Qubit-onehot,9,20,52
9,5,5,bosonicQAOA,9,25,20
9,5,5,HybridCVDV,9,83,56
9,5,6,Qubit-binary,9,30,95
9,5,6,Qubit-onehot,9,40,96
9,5,6,bosonicQAOA,9,87,86
9,5,6,HybridCVDV,9,4,71
9,5,7,Qubit-binary,9,7,49
9,5,7,Qubit-onehot,9,85,87
9,5,7,bosonicQAOA,9,20,65
9,5,7,HybridCVDV,9,11,58
9,5,8,Qubit-binary,9,76,20
9,5,8,Qubit-onehot,9,97,54
9,5,8,bosonicQAOA,9,54,49
9,5,8,HybridCVDV,9,8,3
9,5,9,Qubit-binary,9,2,83
9,5,9,Qubit-onehot,9,41,82
9,5,9,bosonicQAOA,9,96,30
9,5,9,HybridCVDV,9,57,95
9,6,0,Qubit-binary,1,50,38
9,6,0,Qubit-onehot,1,88,26
9,6,0,bosonicQAOA,1,57,57
9,6,0,HybridCVDV,1,77,83
9,6,1,Qubit-binary,1,22,10
9,6,1,Qubit-onehot,1,20,44
9,6,1,bosonicQAOA,1,88,35
9,6,1,HybridCVDV,1,37,57
9,6,2,Qubit-binary,1,58,63
9,6,2,Qubit-onehot,1,24,14
9,6,2,bosonicQAOA,1,61,53
9,6,2,HybridCVDV,1,61,32
9,6,3,Qubit-binary,1,57,30
9,6,3,Qubit-onehot,1,64,19
9,6,3,bosonicQAOA,1,92,91
9,6,3,HybridCVDV,1,35,89
9,6,4,Qubit-binary,1,37,70
9,6,4,Qubit-onehot,1,72,58
9,6,4,bosonicQAOA,1,95,94
9,6,4,HybridCVDV,1,16,16
9,6,5,Qubit-binary,1,63,69
9,6,5,Qubit-onehot,1,53,21
9,6,5,bosonicQAOA,1,92,32
9,6,5,HybridCVDV,1,33,38
9,6,6,Qubit-binary,1,56,46
9,6,6,Qubit-onehot,1,61,9
9,6,6,bosonicQAOA,1,95,77
9,6,6,HybridCVDV,1,83,56
9,6,7,Qubit-binary,1,72,4
9,6,7,Qubit-onehot,1,65,63
9,6,7,bosonicQAOA,1,47,91
9,6,7,HybridCVDV,1,35,79
9,6,8,Qubit-binary,1,85,84
9,6,8,Qubit-onehot,1,77,6
9,6,8,bosonicQAOA,1,34,48
9,6,8,HybridCVDV,1,19,88
9,6,9,Qubit-binary,1,52,38
9,6,9,Qubit-onehot,1,91,66
9,6,9,bosonicQAOA,1,29,16
9,6,9,HybridCVDV,1,24,63
9,6,0,Qubit-binary,2,42,98
9,6,0,Qubit-onehot,2,52,40
9,6,0,bosonicQAOA,2,61,19
9,6,0,HybridCVDV,2,9,24
9,6,1,Qubit-binary,2,83,32
9,6,1,Qubit-onehot,2,71,14
9,6,1,bosonicQAOA,2,98,84
9,6,1,HybridCVDV,2,48,56
9,6,2,Qubit-binary,2,75,44
9,6,2,Qubit-onehot,2,31,88
9,6,2,bosonicQAOA,2,93,38
9,6,2,HybridCVDV,2,25,93
9,6,3,Qubit-binary,2,31,66
9,6,3,Qubit-onehot,2,33,37
9,6,3,bosonicQAOA,2,50,56
9,6,3,HybridCVDV,2,25,7
9,6,4,Qubit-binary,2,36,29
9,6,4,Qubit-onehot,2,54,21
9,6,4,bosonicQAOA,2,35,95
9,6,4,HybridCVDV,2,25,19
9,6,5,Qubit-binary,2,82,18
9,6,5,Qubit-onehot,2,38,50
9,6,5,bosonicQAOA,2,46,76
9,6,5,HybridCVDV,2,23,4
9,6,6,Qubit-binary,2,69,74
9,6,6,Qubit-onehot,2,33,86
9,6,6,bosonicQAOA,2,38,76
9,6,6,HybridCVDV,2,65,17
9,6,7,Qubit-binary,2,54,52
9,6,7,Qubit-onehot,2,73,63
9,6,7,bosonicQAOA,2,71,35
9,6,7,HybridCVDV,2,61,36
9,6,8,Qubit-binary,2,54,39
9,6,8,Qubit-onehot,2,42,11
9,6,8,bosonicQAOA,2,79,82
9,6,8,HybridCVDV,2,65,60
9,6,9,Qubit-binary,2,15,66
9,6,9,Qubit-onehot,2,75,55
9,6,9,bosonicQAOA,2,92,18
9,6,9,HybridCVDV,2,31,56
9,6,0,Qubit-binary,3,27,78
9,6,0,Qubit-onehot,3,25,87
9,6,0,bosonicQAOA,3,37,38
9,6,0,HybridCVDV,3,57,85
9,6,1,Qubit-binary,3,80,58
9,6,1,Qubit-onehot,3,44,33
9,6,1,bosonicQAOA,3,83,85
9,6,1,HybridCVDV,3,30,43
9,6,2,Qubit-binary,3,65,88
9,6,2,Qubit-onehot,3,84,78
9,6,2,bosonicQAOA,3,80,62
9,6,2,HybridCVDV,3,19,2
9,6,3,Qubit-binary,3,77,61
9,6,3,Qubit-onehot,3,91,96
9,6,3,bosonicQAOA,3,94,28
9,6,3,HybridCVDV,3,82,28
9,6,4,Qubit-binary,3,53,83
9,6,4,Qubit-onehot,3,18,5
9,6,4,bosonicQAOA,3,41,96
9,6,4,HybridCVDV,3,4,71
9,6,5,Qubit-binary,3,31,47
9,6,5,Qubit-onehot,3,45,49
9,6,5,bosonicQAOA,3,27,85
9,6,5,HybridCVDV,3,71,54
9,6,6,Qubit-binary,3,75,69
9,6,6,Qubit-onehot,3,55,95
9,6,6,bosonicQAOA,3,13,12
9,6,6,HybridCVDV,3,22,81
9,6,7,Qubit-binary,3,6,77
9,6,7,Qubit-onehot,3,85,97
9,6,7,bosonicQAOA,3,66,28
9,6,7,HybridCVDV,3,58,33
9,6,8,Qubit-binary,3,10,31
9,6,8,Qubit-onehot,3,56,1
9,6,8,bosonicQAOA,3,51,46
9,6,8,HybridCVDV,3,38,86
9,6,9,Qubit-binary,3,46,41
9,6,9,Qubit-onehot,3,50,63
9,6,9,bosonicQAOA,3,73,42
9,6,9,HybridCVDV,3,80,67
9,6,0,Qubit-binary,4,15,31
9,6,0,Qubit-onehot,4,56,90
9,6,0,bosonicQAOA,4,4,52
9,6,0,HybridCVDV,4,11,79
9,6,1,Qubit-binary,4,76,77
9,6,1,Qubit-onehot,4,55,44
9,6,1,bosonicQAOA,4,53,7
9,6,1,HybridCVDV,4,48,59
9,6,2,Qubit-binary,4,71,38
9,6,2,Qubit-onehot,4,51,62
9,6,2,bosonicQAOA,4,94,54
9,6,2,HybridCVDV,4,52,11
9,6,3,Qubit-binary,4,77,84
9,6,3,Qubit-onehot,4,25,67
9,6,3,bosonicQAOA,4,85,70
9,6,3,HybridCVDV,4,58,49
9,6,4,Qubit-binary,4,59,28
9,6,4,Qubit-onehot,4,95,4
9,6,4,bosonicQAOA,4,75,86
9,6,4,HybridCVDV,4,50,69
9,6,5,Qubit-binary,4,33,88
9,6,5,Qubit-onehot,4,87,81
9,6,5,bosonicQAOA,4,98,67
9,6,5,HybridCVDV,4,97,64
9,6,6,Qubit-binary,4,44,97
9,6,6,Qubit-onehot,4,3,78
9,6,6,bosonicQAOA,4,51,50
9,6,6,HybridCVDV,4,76,13
9,6,7,Qubit-binary,4,12,54
9,6,7,Qubit-onehot,4,14,93
9,6,7,bosonicQAOA,4,51,30
9,6,7,HybridCVDV,4,28,19
9,6,8,Qubit-binary,4,6,85
9,6,8,Qubit-onehot,4,18,30
9,6,8,bosonicQAOA,4,62,11
9,6,8,HybridCVDV,4,25,58
9,6,9,Qubit-binary,4,40,1
9,6,9,Qubit-onehot,4,49,1
9,6,9,bosonicQAOA,4,86,87
9,6,9,HybridCVDV,4,36,31
9,6,0,Qubit-binary,5,36,38
9,6,0,Qubit-onehot,5,16,84
9,6,0,bosonicQAOA,5,56,25
9,6,0,HybridCVDV,5,20,75
9,6,1,Qubit-binary,5,92,92
9,6,1,Qubit-onehot,5,98,78
9,6,1,bosonicQAOA,5,40,19
9,6,1,HybridCVDV,5,48,5
9,6,2,Qubit-binary,5,65,65
9,6,2,Qubit-onehot,5,53,27
9,6,2,bosonicQAOA,5,62,42
9,6,2,HybridCVDV,5,36,3
9,6,3,Qubit-binary,5,49,74
9,6,3,Qubit-onehot,5,5,4
9,6,3,bosonicQAOA,5,88,7
9,6,3,HybridCVDV,5,57,62
9,6,4,Qubit-binary,5,15,10
9,6,4,Qubit-onehot,5,60,1
9,6,4,bosonicQAOA,5,54,52
9,6,4,HybridCVDV,5,23,82
9,6,5,Qubit-binary,5,40,9
9,6,5,Qubit-onehot,5,78,43
9,6,5,bosonicQAOA,5,96,17
9,6,5,HybridCVDV,5,84,59
9,6,6,Qubit-binary,5,59,60
9,6,6,Qubit-onehot,5,91,26
9,6,6,bosonicQAOA,5,23,97
9,6,6,HybridCVDV,5,11,38
9,6,7,Qubit-binary,5,70,43
9,6,7,Qubit-onehot,5,24,91
9,6,7,bosonicQAOA,5,54,75
9,6,7,HybridCVDV,5,62,64
9,6,8,Qubit-binary,5,39,40
9,6,8,Qubit-onehot,5,82,35
9,6,8,bosonicQAOA,5,66,97
9,6,8,HybridCVDV,5,45,31
9,6,9,Qubit-binary,5,63,60
9,6,9,Qubit-onehot,5,81,11
9,6,9,bosonicQAOA,5,18,45
9,6,9,HybridCVDV,5,69,80
9,6,0,Qubit-binary,6,76,61
9,6,0,Qubit-onehot,6,44,65
9,6,0,bosonicQAOA,6,9,69
9,6,0,HybridCVDV,6,57,57
9,6,1,Qubit-binary,6,71,61
9,6,1,Qubit-onehot,6,80,63
9,6,1,bosonicQAOA,6,50,17
9,6,1,HybridCVDV,6,40,39
9,6,2,Qubit-binary,6,11,84
9,6,2,Qubit-onehot,6,18,98
9,6,2,bosonicQAOA,6,24,33
9,6,2,HybridCVDV,6,96,45
9,6,3,Qubit-binary,6,1,83
9,6,3,Qubit-onehot,6,90,50
9,6,3,bosonicQAOA,6,64,88
9,6,3,HybridCVDV,6,72,67
9,6,4,Qubit-binary,6,58,40
9,6,4,Qubit-onehot,6,32,86
9,6,4,bosonicQAOA,6,50,17
9,6,4,HybridCVDV,6,58,56
9,6,5,Qubit-binary,6,81,82
9,6,5,Qubit-onehot,6,27,16
9,6,5,bosonicQAOA,6,85,8
9,6,5,HybridCVDV,6,59,32
9,6,6,Qubit-binary,6,47,28
9,6,6,Qubit-onehot,6,32,72
9,6,6,bosonicQAOA,6,69,1
9,6,6,HybridCVDV,6,11,57
9,6,7,Qubit-binary,6,20,92
9,6,7,Qubit-onehot,6,21,51
9,6,7,bosonicQAOA,6,29,66
9,6,7,HybridCVDV,6,76,19
9,6,8,Qubit-binary,6,55,89
9,6,8,Qubit-onehot,6,7,90
9,6,8,bosonicQAOA,6,99,23
9,6,8,HybridCVDV,6,97,85
9,6,9,Qubit-binary,6,38,12
9,6,9,Qubit-onehot,6,26,43
9,6,9,bosonicQAOA,6,51,3
9,6,9,HybridCVDV,6,96,66
9,6,0,Qubit-binary,7,56,20
9,6,0,Qubit-onehot,7,82,18
9,6,0,bosonicQAOA,7,20,76
9,6,0,HybridCVDV,7,14,20
9,6,1,Qubit-binary,7,84,16
9,6,1,Qubit-onehot,7,16,70
9,6,1,bosonicQAOA,7,93,13
9,6,1,HybridCVDV,7,35,42
9,6,2,Qubit-binary,7,56,37
9,6,2,Qubit-onehot,7,25,56
9,6,2,bosonicQAOA,7,37,34
9,6,2,HybridCVDV,7,85,55
9,6,3,Qubit-binary,7,41,67
9,6,3,Qubit-onehot,7,68,66
9,6,3,bosonicQAOA,7,99,68
9,6,3,HybridCVDV,7,13,3
9,6,4,Qubit-binary,7,42,3
9,6,4,Qubit-onehot,7,13,85
9,6,4,bosonicQAOA,7,20,46
9,6,4,HybridCVDV,7,68,13
9,6,5,Qubit-binary,7,65,80
9,6,5,Qubit-onehot,7,25,46
9,6,5,bosonicQAOA,7,13,46
9,6,5,HybridCVDV,7,96,37
9,6,6,Qubit-binary,7,71,70
9,6,6,Qubit-onehot,7,92,13
9,6,6,bosonicQAOA,7,15,93
9,6,6,HybridCVDV,7,70,97
9,6,7,Qubit-binary,7,60,41
9,6,7,Qubit-onehot,7,29,86
9,6,7,bosonicQAOA,7,69,39
9,6,7,HybridCVDV,7,67,60
9,6,8,Qubit-binary,7,13,82
9,6,8,Qubit-onehot,7,9,14
9,6,8,bosonicQAOA,7,19,92
9,6,8,HybridCVDV,7,84,22
9,6,9,Qubit-binary,7,60,6
9,6,9,Qubit-onehot,7,65,36
9,6,9,bosonicQAOA,7,87,14
9,6,9,HybridCVDV,7,1,99
9,6,0,Qubit-binary,8,34,61
9,6,0,Qubit-onehot,8,79,66
9,6,0,bosonicQAOA,8,94,42
9,6,0,HybridCVDV,8,26,33
9,6,1,Qubit-binary,8,76,27
9,6,1,Qubit-onehot,8,74,36
9,6,1,bosonicQAOA,8,25,61
9,6,1,HybridCVDV,8,34,36
9,6,2,Qubit-binary,8,6,99
9,6,2,Qubit-onehot,8,18,26
9,6,2,bosonicQAOA,8,62,84
9,6,2,HybridCVDV,8,30,3
9,6,3,Qubit-binary,8,40,68
9,6,3,Qubit-onehot,8,84,36
9,6,3,bosonicQAOA,8,10,64
9,6,3,HybridCVDV,8,60,94
9,6,4,Qubit-binary,8,92,5
9,6,4,Qubit-onehot,8,49,76
9,6,4,bosonicQAOA,8,72,85
9,6,4,HybridCVDV,8,53,27
9,6,5,Qubit-binary,8,54,53
9,6,5,Qubit-onehot,8,60,15
9,6,5,bosonicQAOA,8,24,35
9,6,5,HybridCVDV,8,52,89
9,6,6,Qubit-binary,8,67,81
9,6,6,Qubit-onehot,8,93,20
9,6,6,bosonicQAOA,8,43,37
9,6,6,HybridCVDV,8,89,38
9,6,7,Qubit-binary,8,23,6
9,6,7,Qubit-onehot,8,13,5
9,6,7,bosonicQAOA,8,22,62
9,6,7,HybridCVDV,8,27,59
9,6,8,Qubit-binary,8,14,65
9,6,8,Qubit-onehot,8,62,91
9,6,8,bosonicQAOA,8,14,24
9,6,8,HybridCVDV,8,61,5
9,6,9,Qubit-binary,8,54,67
9,6,9,Qubit-onehot,8,26,58
9,6,9,bosonicQAOA,8,19,65
9,6,9,HybridCVDV,8,29,91
9,6,0,Qubit-binary,9,51,47
9,6,0,Qubit-onehot,9,28,97
9,6,0,bosonicQAOA,9,4,97
9,6,0,HybridCVDV,9,84,60
9,6,1,Qubit-binary,9,98,64
9,6,1,Qubit-onehot,9,25,78
9,6,1,bosonicQAOA,9,17,12
9,6,1,HybridCVDV,9,35,91
9,6,2,Qubit-binary,9,15,93
9,6,2,Qubit-onehot,9,39,48
9,6,2,bosonicQAOA,9,34,76
9,6,2,HybridCVDV,9,40,37
9,6,3,Qubit-binary,9,53,74
9,6,3,Qubit-onehot,9,8,4
9,6,3,bosonicQAOA,9,24,38
9,6,3,HybridCVDV,9,36,9
9,6,4,Qubit-binary,9,73,27
9,6,4,Qubit-onehot,9,4,76
9,6,4,bosonicQAOA,9,31,15
9,6,4,HybridCVDV,9,19,65
9,6,5,Qubit-binary,9,38,16
9,6,5,Qubit-onehot,9,31,42
9,6,5,bosonicQAOA,9,52,62
9,6,5,HybridCVDV,9,71,87
9,6,6,Qubit-binary,9,1,74
9,6,6,Qubit-onehot,9,31,57
9,6,6,bosonicQAOA,9,5,82
9,6,6,HybridCVDV,9,71,12
9,6,7,Qubit-binary,9,28,32
9,6,7,Qubit-onehot,9,87,22
9,6,7,bosonicQAOA,9,97,28
9,6,7,HybridCVDV,9,15,4
9,6,8,Qubit-binary,9,64,43
9,6,8,Qubit-onehot,9,6,69
9,6,8,bosonicQAOA,9,42,8
9,6,8,HybridCVDV,9,70,57
9,6,9,Qubit-binary,9,2,53
9,6,9,Qubit-onehot,9,77,92
9,6,9,bosonicQAOA,9,32,74
9,6,9,HybridCVDV,9,6,34
